game_pk,game_date,home_team,away_team,home_score,away_score,home_win,total_runs,home_starter_id,away_starter_id,venue,rest_days_home,rest_days_away,sp_era_home,sp_k9_home,sp_bb9_home,sp_whip_home,sp_fip_home,sp_xwoba_home,sp_era_away,sp_k9_away,sp_bb9_away,sp_whip_away,sp_fip_away,sp_xwoba_away,team_woba_30g_home,team_iso_30g_home,team_k_rate_30g_home,team_bb_rate_30g_home,team_woba_30g_away,team_iso_30g_away,team_k_rate_30g_away,team_bb_rate_30g_away,bullpen_whip_10g_home,bullpen_era_10g_home,bullpen_whip_10g_away,bullpen_era_10g_away
824081,2026-08-07,KC,CHC,4,6,0.0,10,592332,663738,Kauffman Stadium,1.0,1.0,10.8,4.32,1.08,1.2,-0.6,0.31311315,6.75,6.75,0.0,0.75,-1.5,0.32725,0.28358793,0.14344901,0.15597248,0.057799254,0.33189356,0.20047083,0.23925953,0.09997277,1.051998,9.587193,0.88250625,8.129636
822696,2026-08-13,WSH,CHC,7,0,1.0,7,592332,676917,Nationals Park,1.0,1.0,7.4117646,4.2352943,1.0588236,0.88235295,0.1764706,0.2599379,6.0612245,6.0612245,1.6530613,0.97959185,3.1836734,0.33917698,0.30409592,0.14490028,0.24254638,0.08281814,0.3529107,0.21248247,0.2194091,0.10085819,0.94135576,8.930249,0.92159235,8.596103
823021,2026-08-08,STL,COL,6,8,0.0,14,607536,669461,Busch Stadium,1.0,1.0,5.5588236,6.352941,1.5882353,0.61764705,-0.88235295,0.19543111,2.7,9.45,1.35,0.3,-1.65,0.14839146,0.31159157,0.14701207,0.21352997,0.090974346,0.3528002,0.19312598,0.21344022,0.05917874,0.87758934,8.158137,0.96865857,8.872219
823185,2026-08-14,SF,COL,2,5,0.0,7,607536,694738,Oracle Park,2.0,2.0,7.5789475,5.2105265,2.368421,0.7894737,-0.21052632,0.269069,9.191489,5.1702127,5.1702127,1.0851064,1.4042553,0.30831498,0.25808623,0.12191299,0.23209712,0.08566499,0.33736485,0.18762976,0.19186166,0.07487308,0.88677245,8.196224,0.9518442,8.812439
823994,2026-08-12,LAA,TEX,5,2,1.0,7,615698,691946,Angel Stadium,1.0,1.0,4.0,4.0,1.0,0.5555556,0.8888889,0.31474644,10.8,4.05,5.4,1.2,0.9,0.3140658,0.23403834,0.0974111,0.28638726,0.068466425,0.27602768,0.11773675,0.25543982,0.09123551,0.8745544,8.064193,0.9268927,8.641595
824321,2026-08-04,COL,TB,7,9,0.0,16,642547,687312,Coors Field,1.0,1.0,7.3636365,5.869565,2.16,0.88235295,0.44680852,0.29907537,7.5520587,5.5864725,2.16,0.89275444,0.6368243,0.3137916,0.43034583,0.26789877,0.17423315,0.081738435,0.3040388,0.12333763,0.15497077,0.030994153,1.1369098,10.389818,0.87543106,8.1894455
824969,2026-08-10,ATH,TB,6,10,0.0,16,642547,682052,Unknown,1.0,1.0,11.368421,4.263158,1.4210526,1.5789474,3.631579,0.42109627,5.6842103,12.789474,1.4210526,0.7894737,-0.31578946,0.15925416,0.26390335,0.11635926,0.25622493,0.05619909,0.3020107,0.13698159,0.16719745,0.06275698,0.9416244,8.792306,0.80662686,7.550294
823998,2026-08-10,LAA,TEX,1,4,0.0,5,669022,672282,Angel Stadium,1.0,1.0,6.75,4.5,3.375,0.75,0.125,0.30585364,4.7647057,7.9411764,1.5882353,0.88235295,3.3529413,0.42075464,0.23726355,0.10208795,0.3065915,0.0716573,0.28164533,0.13580729,0.25306785,0.08308902,0.89943784,8.285836,0.96365064,8.996321
824966,2026-08-15,ATH,TEX,3,5,0.0,8,669022,669372,Unknown,1.0,1.0,6.319149,7.4680853,2.8723404,0.7659575,0.12765957,0.27435416,8.470589,3.7058823,2.1176472,0.8235294,0.23529412,0.3135174,0.2847427,0.14642312,0.23300076,0.05828202,0.26341477,0.10950612,0.24177846,0.08892032,0.9011544,8.468378,0.9341589,8.659095
823263,2026-08-12,SD,MIL,3,3,0.0,6,669160,592662,Petco Park,1.0,1.0,7.0434785,5.869565,3.5217392,0.7826087,1.9565217,0.41448945,11.88,2.16,5.4,1.44,2.88,0.4250458,0.32670522,0.15915145,0.19177829,0.08124226,0.28506267,0.122186504,0.28063536,0.10384862,0.9780628,9.1369505,0.8764933,8.161176
824394,2026-08-19,CLE,SF,0,1,0.0,1,683363,800048,Progressive Field,1.0,1.0,7.3636365,5.869565,2.16,0.88235295,0.44680852,0.29907537,5.869565,7.826087,1.5652174,0.73913044,0.6086956,0.24149916,0.31427082,0.123476416,0.18824391,0.09787385,0.273935,0.13172545,0.21778367,0.080438256,0.885087,8.551188,0.8915914,8.239281
825048,2026-08-10,AZ,COL,9,0,1.0,9,687312,647336,Unknown,1.0,1.0,6.1363635,8.590909,2.4545455,0.8181818,0.6818182,0.26202992,7.5520587,5.5864725,2.16,0.89275444,0.6368243,0.3137916,0.3141176,0.1606702,0.2130974,0.0943008,0.35842067,0.20119369,0.19213146,0.06361482,1.0112299,9.5522,0.98709166,9.066386
823182,2026-08-16,SF,COL,7,13,0.0,20,687312,694918,Oracle Park,1.0,1.0,7.9772725,6.1363635,3.0681818,0.95454544,1.6363636,0.34572533,7.3636365,5.5227275,1.2272727,0.8181818,-0.8181818,0.25569677,0.2673833,0.12957665,0.21131901,0.08096248,0.32128632,0.17515351,0.20754851,0.076487355,0.8633399,7.870539,0.92205995,8.549263
823270,2026-08-02,SD,SF,5,4,1.0,9,694738,606996,Petco Park,1.0,1.0,7.3636365,5.869565,2.16,0.88235295,0.44680852,0.29907537,7.5520587,5.5864725,2.16,0.89275444,0.6368243,0.3137916,0.3442973,0.14705883,0.3243243,0.054054055,0.36958537,0.13513513,0.2195122,0.09756097,0.94736844,9.0,0.94736844,9.0
824395,2026-08-20,CLE,SF,5,2,1.0,7,694738,668909,Progressive Field,1.0,1.0,8.876713,5.178082,4.4383564,1.0273973,1.520548,0.36408508,6.230769,9.138461,2.9076922,0.83076924,0.73846155,0.26515597,0.30715033,0.11765308,0.19076438,0.09532817,0.2694501,0.12716907,0.23174572,0.075410865,0.88088876,8.500752,0.8683215,8.0399
822859,2026-08-18,TEX,WSH,5,0,1.0,5,800600,615698,Globe Life Field,2.0,2.0,11.368421,8.526316,7.105263,1.2631578,0.47368422,0.3477971,6.0612245,5.5102043,2.2040815,0.7346939,0.30612245,0.30961108,0.26811868,0.11409722,0.2504165,0.0826756,0.29480466,0.13702,0.2507997,0.07727466,0.9323423,8.64892,0.9570466,8.889869
822780,2026-08-10,TOR,BOS,2,1,1.0,3,543243,592791,Rogers Centre,1.0,1.0,7.0434785,9.391304,2.347826,0.65217394,-0.9130435,0.18558383,9.45,5.4,2.7,1.2,1.65,0.4479329,0.26456967,0.11748442,0.2288579,0.06973126,0.35575366,0.20353597,0.18049093,0.08990176,0.8594253,7.8352375,0.9544538,8.953898
823347,2026-08-15,PIT,BOS,0,4,0.0,4,543243,683003,PNC Park,1.0,1.0,7.163265,6.612245,1.6530613,0.7346939,0.24489796,0.21163036,11.195122,4.609756,2.6341465,1.3170732,3.1463416,0.41522875,0.28174302,0.120828204,0.26190463,0.090872295,0.33496675,0.1666525,0.18280008,0.10115169,0.9468234,8.939109,0.9644143,9.06134
822779,2026-08-12,TOR,BOS,6,4,1.0,10,624133,667755,Rogers Centre,1.0,1.0,9.0,5.4,3.6,1.0,3.2,0.4792952,9.45,4.05,4.05,1.05,0.45,0.32802436,0.27172723,0.113169074,0.21576788,0.0673024,0.34401554,0.18782878,0.18382448,0.10338364,0.8617762,7.887068,0.9518927,8.954077
823516,2026-08-05,NYY,STL,1,3,0.0,4,669467,701542,Yankee Stadium,1.0,1.0,7.3636365,5.869565,2.16,0.88235295,0.44680852,0.29907537,7.5520587,5.5864725,2.16,0.89275444,0.6368243,0.3137916,0.28927788,0.21682158,0.22980987,0.052192137,0.32334286,0.15746391,0.2161928,0.08731291,0.94622743,8.516047,0.9006603,8.232857
824478,2026-08-17,CIN,STL,5,5,0.0,10,669467,695076,Great American Ball Park,0.0,0.0,8.16279,3.7674417,3.7674417,0.90697676,0.41860464,0.34218174,6.893617,4.0212765,1.7234043,0.89361703,1.3404255,0.33720383,0.2648791,0.16264354,0.2773409,0.08921399,0.31992185,0.16034542,0.19754103,0.08935507,0.87865096,8.225087,0.91425353,8.588967
823756,2026-08-04,MIL,PIT,4,2,1.0,6,683003,701656,American Family Field,1.0,1.0,7.3636365,5.869565,2.16,0.88235295,0.44680852,0.29907537,7.5520587,5.5864725,2.16,0.89275444,0.6368243,0.3137916,0.2430679,0.052083332,0.29643962,0.1299163,0.2415264,0.031051587,0.26420313,0.12342886,0.7162374,6.627137,0.8432221,8.081916
822866,2026-08-05,TEX,SF,6,0,1.0,6,687931,674003,Globe Life Field,1.0,1.0,7.3636365,5.869565,2.16,0.88235295,0.44680852,0.29907537,7.5520587,5.5864725,2.16,0.89275444,0.6368243,0.3137916,0.2814393,0.1248852,0.26014236,0.081398204,0.31065202,0.16881052,0.20002522,0.102849774,1.0211625,9.560207,0.9694243,9.220604
824398,2026-08-18,CLE,SF,8,1,1.0,9,687931,656492,Progressive Field,2.0,2.0,10.046512,3.7674417,3.7674417,1.0465117,0.627907,0.27712867,7.071429,5.785714,1.9285715,1.0,2.142857,0.34810683,0.30956307,0.12039139,0.18703789,0.09937034,0.2737896,0.12997368,0.20812957,0.081982166,0.92423445,8.865031,0.8903005,8.226503
822775,2026-08-15,TOR,NYY,4,1,1.0,5,693645,680755,Rogers Centre,1.0,1.0,6.585366,11.195122,3.292683,0.8780488,0.5121951,0.30162928,4.695652,4.695652,3.5217392,0.5217391,0.13043478,0.26435688,0.26988336,0.104520924,0.20815118,0.06999142,0.29012105,0.17340353,0.25544077,0.08492762,0.8760552,8.058002,0.8668722,8.0292
823664,2026-08-19,MIN,ATL,6,4,1.0,10,700363,671737,Target Field,1.0,1.0,7.3636365,5.869565,2.16,0.88235295,0.44680852,0.29907537,10.08,4.32,3.6,1.16,1.4,0.35474005,0.31649554,0.14274557,0.21213602,0.08480378,0.29355174,0.18593873,0.22458853,0.058007997,0.9370283,8.886228,0.83899647,7.915801
823423,2026-08-18,PHI,MIA,6,4,1.0,10,806188,554430,Citizens Bank Park,1.0,1.0,9.346154,3.1153846,3.1153846,1.0384616,2.1923077,0.32949206,9.310345,6.5172415,2.7931035,1.0344827,0.31034482,0.2521424,0.3373999,0.13879058,0.15466505,0.12470598,0.30011448,0.12427375,0.2200205,0.09089187,0.9687019,8.888702,1.0234703,9.568024
824803,2026-08-18,BAL,NYY,1,3,0.0,4,607074,669358,Oriole Park at Camden Yards,1.0,2.0,7.3636365,5.869565,2.16,0.88235295,0.44680852,0.29907537,7.5,5.625,1.125,0.875,-0.33333334,0.2942043,0.3136698,0.17665444,0.26374736,0.08809643,0.27852792,0.1591358,0.26224294,0.084922194,1.0313747,9.654995,0.8392649,7.833246
823592,2026-08-02,NYM,MIA,0,2,0.0,2,645261,476594,Citi Field,1.0,1.0,7.3636365,5.869565,2.16,0.88235295,0.44680852,0.29907537,7.5520587,5.5864725,2.16,0.89275444,0.6368243,0.3137916,0.22045454,0.09090909,0.15151516,0.0,0.36218604,0.1891892,0.13953489,0.11627907,0.75,6.75,0.75,6.75
824479,2026-08-14,CIN,MIA,1,0,1.0,1,645261,695505,Great American Ball Park,1.0,1.0,5.5102043,7.163265,1.6530613,0.6122449,-1.0408163,0.2281403,8.042553,8.617022,2.8723404,0.82978725,-0.7659575,0.28351948,0.27314836,0.17366254,0.27398154,0.08892169,0.29222432,0.12196215,0.21569526,0.09344025,0.9182521,8.536812,1.0210267,9.431149
823424,2026-08-19,PHI,MIA,4,1,1.0,5,645261,605400,Citizens Bank Park,1.0,1.0,5.961039,5.2597404,2.4545455,0.66233766,-0.35064936,0.2450973,7.826087,8.608696,2.7391305,1.0434783,1.2608696,0.2918746,0.33709773,0.13240896,0.15795101,0.123562284,0.29692852,0.122555025,0.22189423,0.09389168,0.9759891,9.002666,1.0217807,9.612647
823267,2026-08-08,SD,HOU,3,2,1.0,5,663567,650633,Petco Park,1.0,1.0,6.75,10.8,2.7,0.75,-1.5,0.22303289,9.391304,5.869565,4.695652,1.173913,1.9565217,0.31814417,0.30686462,0.10968769,0.20222583,0.087225325,0.36676878,0.1475809,0.16286321,0.11313973,0.9876797,9.326121,0.95955527,9.078021
823189,2026-08-10,SF,HOU,3,6,0.0,9,669713,694918,Oracle Park,1.0,1.0,7.0434785,4.695652,2.347826,0.7826087,-0.26086956,0.294246,8.590909,3.6818182,1.2272727,0.95454544,-0.4090909,0.25449222,0.25599158,0.12369098,0.24068008,0.083724044,0.31763345,0.13924171,0.18189359,0.09527147,0.926432,8.599318,0.9265873,8.752736
824240,2026-08-11,DET,CLE,6,4,1.0,10,676440,623454,Comerica Park,2.0,2.0,1.2272727,12.272727,0.0,0.54545456,2.590909,0.3018182,7.5,3.0,1.5,0.8333333,-0.16666667,0.26029342,0.34920546,0.14233312,0.20176704,0.10115574,0.32597256,0.112509616,0.21821794,0.10464061,0.9635122,8.9699955,1.0230529,9.8947935
822864,2026-08-08,TEX,BAL,5,1,1.0,6,680694,594798,Globe Life Field,1.0,1.0,6.75,6.75,4.5,1.0,3.25,0.35238817,14.142858,3.857143,5.142857,1.5714285,0.85714287,0.32968172,0.27847937,0.13940974,0.2640367,0.083366,0.255507,0.1158527,0.29764903,0.10467673,0.9694565,8.993373,0.8323776,7.803947
822941,2026-08-15,TB,BAL,3,4,0.0,7,680694,693855,Steinbrenner Field,1.0,1.0,7.147059,5.5588236,1.5882353,0.7941176,0.7058824,0.30232522,7.02,8.64,1.08,0.84,-0.78,0.33037317,0.32762823,0.161638,0.15468043,0.07134268,0.30438372,0.16959128,0.26625067,0.09258415,0.88195,8.249698,0.957329,9.071622
823512,2026-08-11,NYY,SEA,4,1,1.0,5,693433,677960,Yankee Stadium,2.0,2.0,7.269231,5.1923075,1.0384616,0.46153846,0.23076923,0.36277458,6.428571,7.714286,1.2857143,0.71428573,-1.2857143,0.30756328,0.28932735,0.18445246,0.2691323,0.09417895,0.27352828,0.109378,0.20334339,0.07812935,0.90412843,8.351526,0.9475822,8.899261
824156,2026-08-16,HOU,SEA,2,3,0.0,5,693433,686613,Minute Maid Park,1.0,1.0,6.75,6.1363635,1.2272727,0.54545456,-0.3409091,0.30660477,6.4565215,7.0434785,2.9347825,0.84782606,1.1086956,0.2819814,0.29975477,0.14013816,0.18115638,0.08291029,0.2867925,0.12909798,0.21759048,0.085306585,0.8928122,8.242592,0.88224685,8.267802
824882,2026-08-14,ATL,AZ,0,2,0.0,2,694297,519242,Truist Park,2.0,2.0,5.625,2.8125,1.6875,0.625,-0.0625,0.2040448,8.217391,9.391304,2.347826,0.9130435,-1.3043479,0.30772427,0.3280647,0.22060117,0.21980381,0.06898287,0.32709506,0.17360723,0.19283135,0.097174875,0.92354983,8.662669,0.98037446,9.038387
824722,2026-08-19,BOS,AZ,6,7,0.0,13,694297,801139,Fenway Park,1.0,1.0,4.5633802,4.5633802,1.1408451,0.5070422,-0.63380283,0.22247913,5.3239436,9.507042,1.1408451,0.6760563,-0.63380283,0.19562078,0.34480575,0.17896038,0.18341148,0.10095218,0.31746286,0.17285632,0.20284463,0.08645256,0.95549685,8.978374,0.9373344,8.742435
824801,2026-08-19,BAL,NYY,3,5,0.0,8,701542,605135,Oriole Park at Camden Yards,1.0,1.0,9.204545,4.909091,3.0681818,1.2272727,2.590909,0.3639003,9.0,3.375,3.375,1.0,0.375,0.34893695,0.3069144,0.1714729,0.26288816,0.08953485,0.27535012,0.15477675,0.270686,0.08481627,1.026504,9.645966,0.81386036,7.6041083
823265,2026-08-10,SD,MIL,3,2,1.0,5,701656,663554,Petco Park,1.0,1.0,3.5217392,9.391304,1.173913,0.65217394,1.6956521,0.23168822,13.5,1.2272727,3.6818182,1.6363636,2.7272727,0.44443125,0.3149143,0.13693036,0.19213979,0.08431294,0.29041275,0.1279883,0.29222792,0.10805315,0.9553094,9.011941,0.8066358,7.5508223
823912,2026-08-16,LAD,MIL,2,6,0.0,8,701656,669373,Dodger Stadium,1.0,1.0,4.0212765,8.617022,1.1489362,0.70212764,1.7872341,0.25799257,6.6,7.2,2.4,0.8,1.1333333,0.27517867,0.28967783,0.14549455,0.20738262,0.063903034,0.27990505,0.11361171,0.28047958,0.10967843,0.8931194,8.322917,0.85888064,7.99447
823750,2026-08-07,MIL,MIN,6,8,0.0,14,805673,675660,American Family Field,1.0,1.0,7.3636365,5.869565,2.16,0.88235295,0.44680852,0.29907537,7.5520587,5.5864725,2.16,0.89275444,0.6368243,0.3137916,0.2777898,0.1237489,0.28684422,0.114686854,0.28096145,0.15040341,0.18802214,0.08341529,0.79112846,7.3048763,1.0455242,9.523167
824648,2026-08-02,CHC,NYY,1,2,0.0,3,543037,607067,Wrigley Field,1.0,1.0,7.3636365,5.869565,2.16,0.88235295,0.44680852,0.29907537,7.5520587,5.5864725,2.16,0.89275444,0.6368243,0.3137916,0.3357353,0.1724138,0.20588236,0.14705883,0.27491668,0.11764706,0.25,0.055555556,1.1333333,10.2,1.1333333,10.2
822777,2026-08-14,TOR,NYY,3,1,1.0,4,543037,669456,Rogers Centre,1.0,1.0,7.02,7.56,1.62,0.78,-1.14,0.32370624,9.0,5.0,2.5,1.1111112,1.1666666,0.37830684,0.2667252,0.10015405,0.20551479,0.07071336,0.2978224,0.17743729,0.26445812,0.0898074,0.89479053,8.224486,0.8643206,8.000705
824802,2026-08-20,BAL,NYY,1,6,0.0,7,543037,680694,Oriole Park at Camden Yards,1.0,1.0,7.2972975,6.9324327,1.8243244,0.8108108,-0.9324324,0.29838273,8.852459,4.4262295,2.6557376,0.9836066,0.6885246,0.33175159,0.30642182,0.17564651,0.26491222,0.08903757,0.27965194,0.15061791,0.26979378,0.084322944,1.018781,9.667031,0.79707676,7.578633
824079,2026-08-08,KC,CHC,6,3,1.0,9,605280,607625,Kauffman Stadium,1.0,1.0,7.3636365,5.869565,2.16,0.88235295,0.44680852,0.29907537,10.8,3.24,5.4,1.2,1.08,0.3409658,0.28144827,0.1489526,0.16238447,0.0574253,0.33048368,0.18407705,0.22250119,0.10311255,0.9953947,9.143051,0.86868787,8.044251
825046,2026-08-11,AZ,COL,2,3,0.0,5,608372,683352,Unknown,1.0,1.0,7.3636365,3.6818182,2.4545455,0.95454544,1.7727273,0.35007894,4.5,10.125,3.375,0.5,-1.125,0.19572863,0.32244337,0.1681326,0.20428765,0.094870724,0.34499344,0.17883883,0.19098553,0.07338153,1.0083923,9.577862,0.98651874,9.148057
824483,2026-08-02,CIN,PIT,10,2,1.0,12,656605,695505,Great American Ball Park,1.0,1.0,7.3636365,5.869565,2.16,0.88235295,0.44680852,0.29907537,7.5520587,5.5864725,2.16,0.89275444,0.6368243,0.3137916,0.18875757,0.13333334,0.3030303,0.060606062,0.2682564,0.03125,0.07692308,0.17948718,0.6122449,6.0612245,0.6122449,6.0612245
824159,2026-08-14,HOU,SEA,7,7,0.0,14,669923,663567,Minute Maid Park,2.0,1.0,6.4565215,2.9347825,1.7608696,0.7826087,0.7826087,0.28504202,7.5348835,6.9069767,3.139535,0.90697676,0.41860464,0.28315747,0.2916513,0.12264262,0.17816317,0.08846108,0.27245253,0.124467425,0.21521124,0.08887134,0.8851383,8.300633,0.9050935,8.49296
823747,2026-08-20,MIL,SEA,7,4,1.0,11,669923,688107,American Family Field,1.0,1.0,7.826087,2.7391305,1.9565217,0.95652175,1.173913,0.28202304,9.0,6.0,1.875,1.0,0.625,0.37218744,0.2967495,0.120260306,0.26953602,0.10885298,0.29220647,0.13117816,0.22321358,0.09456567,0.93568355,8.523907,0.94487596,8.680472
824485,2026-08-01,CIN,PIT,1,4,0.0,5,677952,671096,Great American Ball Park,1.0,1.0,7.3636365,5.869565,2.16,0.88235295,0.44680852,0.29907537,7.5520587,5.5864725,2.16,0.89275444,0.6368243,0.3137916,0.30208603,0.14389284,0.21597263,0.08709255,0.29870787,0.14523649,0.21584043,0.08506015,0.9415468,8.829042,0.9308739,8.650345
823754,2026-08-06,MIL,PIT,5,2,1.0,7,677952,669160,American Family Field,1.0,1.0,4.263158,7.105263,1.4210526,0.47368422,1.4210526,0.193821,7.5520587,5.5864725,2.16,0.89275444,0.6368243,0.3137916,0.27313524,0.09516534,0.28171307,0.12512423,0.23401868,0.0787692,0.31355032,0.10517686,0.78392476,7.2689195,0.8644253,8.1972
823829,2026-08-13,MIA,PIT,1,13,0.0,14,677952,663969,loanDepot park,1.0,1.0,3.4615386,6.923077,1.3846154,0.53846157,2.1538463,0.26648122,6.923077,4.8461537,0.6923077,0.9230769,1.1538461,0.40910238,0.30554318,0.123047255,0.2015505,0.09921284,0.2563255,0.086291105,0.27169898,0.097221375,0.9997457,9.190667,0.94338775,8.902953
824566,2026-08-07,CWS,CLE,2,8,0.0,10,800048,702273,Rate Field,1.0,1.0,9.45,8.1,1.35,1.05,-1.35,0.22979145,5.6842103,5.6842103,0.0,0.47368422,-0.7894737,0.253765,0.25674257,0.103727154,0.334255,0.08201382,0.33230454,0.10433971,0.24411118,0.11254068,0.96638477,9.092113,1.0863117,10.395572
824238,2026-08-13,DET,CLE,3,0,1.0,3,800048,672456,Comerica Park,1.0,1.0,5.869565,8.217391,1.173913,0.7826087,0.26086956,0.24106552,6.0612245,3.857143,2.7551022,0.7346939,1.8367347,0.30372715,0.3328909,0.13481888,0.20726582,0.09744043,0.33406186,0.12606947,0.19759022,0.115934715,0.95377916,8.92029,1.0049049,9.69465
823668,2026-08-17,MIN,ATL,4,2,1.0,6,527048,641927,Target Field,1.0,1.0,5.2105265,5.2105265,2.8421052,0.57894737,-0.21052632,0.21809007,6.612245,2.2040815,0.5510204,0.9183673,2.0816326,0.38307363,0.31334206,0.1477754,0.22246115,0.0892596,0.30180323,0.19747722,0.22652271,0.058402505,0.95174015,9.004119,0.8965118,8.407883
824078,2026-08-09,KC,CHC,2,10,0.0,12,571510,677976,Kauffman Stadium,1.0,1.0,7.714286,2.892857,0.96428573,1.0714285,2.4642856,0.41245818,7.714286,1.2857143,3.857143,0.85714287,1.0,0.3804994,0.30032867,0.16785222,0.14315495,0.0650947,0.32443336,0.18312624,0.22847234,0.10035861,1.0103127,9.251504,0.89509904,8.256366
824400,2026-08-15,CLE,SD,6,1,1.0,7,593974,676282,Progressive Field,1.0,1.0,9.0,3.0,0.0,1.0,-0.6666667,0.257275,9.0,7.2,1.8,1.2,1.6,0.3910137,0.3181951,0.12532817,0.18175253,0.103489935,0.3296119,0.16192463,0.18971841,0.08519269,0.9582535,9.142122,0.9524854,8.834266
822943,2026-08-02,TB,CWS,1,9,0.0,10,641743,643377,Steinbrenner Field,1.0,1.0,7.3636365,5.869565,2.16,0.88235295,0.44680852,0.29907537,7.5520587,5.5864725,2.16,0.89275444,0.6368243,0.3137916,0.1704,0.0,0.26666668,0.0,0.15875,0.0,0.5,0.03125,0.45,4.725,0.45,4.725
824239,2026-08-15,DET,CWS,3,4,0.0,7,641743,675512,Comerica Park,1.0,1.0,7.7884617,3.6346154,1.0384616,0.86538464,0.46153846,0.32752857,5.744681,5.1702127,1.7234043,0.63829786,-0.5744681,0.22193383,0.32965225,0.1459827,0.20768024,0.09074628,0.31865638,0.18109672,0.27599785,0.08663415,0.892652,8.326457,0.9661179,9.179563
822778,2026-08-11,TOR,BOS,5,3,1.0,8,663776,656302,Rogers Centre,1.0,1.0,11.73913,5.869565,4.695652,1.3043479,0.26086956,0.33166593,3.375,11.25,1.125,0.375,-2.125,0.17365955,0.26473328,0.11823598,0.220678,0.0656993,0.34349874,0.18439308,0.1814574,0.09492769,0.85605305,7.8368163,0.9426877,8.858976
823344,2026-08-16,PIT,BOS,8,3,1.0,11,663776,669199,PNC Park,1.0,1.0,11.34,4.86,3.78,1.26,0.18,0.3391885,3.5526316,6.394737,1.4210526,0.6315789,2.131579,0.26094922,0.27491763,0.112197615,0.2655186,0.086613566,0.33662513,0.17155547,0.19041963,0.10144536,0.93787223,8.807763,0.9604975,9.02317
823594,2026-08-01,NYM,MIA,2,6,0.0,8,663969,804267,Citi Field,1.0,1.0,7.3636365,5.869565,2.16,0.88235295,0.44680852,0.29907537,7.5520587,5.5864725,2.16,0.89275444,0.6368243,0.3137916,0.30208603,0.14389284,0.21597263,0.08709255,0.29870787,0.14523649,0.21584043,0.08506015,0.9415468,8.829042,0.9308739,8.650345
823428,2026-08-07,PHI,TOR,4,5,0.0,9,667755,554430,Citizens Bank Park,1.0,1.0,7.3636365,5.869565,2.16,0.88235295,0.44680852,0.29907537,3.857143,11.571428,0.0,0.42857143,-2.5714285,0.1,0.36432424,0.15899159,0.1316015,0.11527525,0.24325508,0.1033269,0.21664895,0.052578416,0.99353117,9.404461,0.78922826,7.283645
822938,2026-08-18,TB,TOR,5,10,0.0,15,667755,607259,Steinbrenner Field,1.0,2.0,7.714286,4.5,3.2142856,0.9285714,1.0,0.38752714,6.3818183,4.418182,0.0,0.76363635,-0.27272728,0.28176516,0.33191693,0.16330571,0.16375253,0.070055306,0.26972207,0.096865475,0.20538086,0.069555074,0.94450134,8.859213,0.9184921,8.438819
823508,2026-08-13,NYY,SEA,0,1,0.0,1,669302,608331,Yankee Stadium,1.0,1.0,5.09434,6.1132073,2.54717,0.7924528,2.4339623,0.3273988,5.268293,9.219512,1.9756098,0.58536583,-1.3902439,0.18967552,0.30958647,0.19184768,0.2606009,0.08969723,0.2767008,0.12691416,0.20642933,0.08866756,0.91596836,8.465946,0.9512042,8.907376
823748,2026-08-19,MIL,SEA,5,7,0.0,12,669302,669160,American Family Field,1.0,1.0,5.4,6.84,2.16,0.76,1.28,0.29989964,6.1875,6.1875,2.8125,0.75,1.375,0.34567788,0.29714212,0.12229242,0.27068517,0.10790315,0.28945515,0.13436781,0.22063416,0.092933536,0.92136693,8.49382,0.93526113,8.688782
824482,2026-08-05,CIN,ATH,3,2,1.0,5,682052,695076,Great American Ball Park,1.0,1.0,7.3636365,5.869565,2.16,0.88235295,0.44680852,0.29907537,7.5520587,5.5864725,2.16,0.89275444,0.6368243,0.3137916,0.2979704,0.18380019,0.24314575,0.12626262,0.30076212,0.07137552,0.21566334,0.06880136,0.8690785,8.192196,1.029375,9.601875
823020,2026-08-09,STL,COL,7,4,1.0,11,547179,700241,Busch Stadium,1.0,1.0,13.5,0.0,4.5,1.6666666,3.6666667,0.53463817,6.0,7.5,1.5,0.8333333,1.0,0.3324905,0.31743723,0.14856674,0.19889872,0.097025625,0.3589423,0.1981896,0.20126379,0.061713643,0.8904082,8.307173,0.9653747,8.894709
823184,2026-08-15,SF,COL,7,1,1.0,8,547179,657277,Oracle Park,1.0,1.0,12.512196,0.6585366,3.9512196,1.5365853,3.0731707,0.5182427,5.7115383,5.1923075,1.0384616,0.63461536,-0.8076923,0.22498743,0.26101393,0.13057078,0.21796402,0.08113041,0.33567998,0.18714546,0.19619839,0.082861304,0.87013733,7.8808565,0.93325853,8.640851
824884,2026-08-15,ATL,AZ,3,10,0.0,13,593958,656550,Truist Park,1.0,1.0,8.526316,6.1578946,0.94736844,0.94736844,-1.0526316,0.3292919,6.75,4.2954545,1.8409091,0.75,-0.3409091,0.31503886,0.30804265,0.20221774,0.23204239,0.0632343,0.32566467,0.17272684,0.20026538,0.08969989,0.91148305,8.605694,0.9420489,8.742404
824403,2026-08-04,CLE,NYM,2,6,0.0,8,640455,676282,Progressive Field,2.0,2.0,7.3636365,5.869565,2.16,0.88235295,0.44680852,0.29907537,7.5520587,5.5864725,2.16,0.89275444,0.6368243,0.3137916,0.3674746,0.17642276,0.23128343,0.0815508,0.23092997,0.09232955,0.18386568,0.067567565,1.099544,11.052916,0.7571898,6.814708
823345,2026-08-09,PIT,NYM,1,11,0.0,12,640455,683003,PNC Park,1.0,1.0,12.535714,6.75,4.821429,1.2857143,0.42857143,0.41524696,9.0,5.142857,1.2857143,1.2857143,3.0,0.40870613,0.28457126,0.09861499,0.26409993,0.11826193,0.29889315,0.17924923,0.24142726,0.070109494,0.9217845,8.686891,1.0072881,9.322336
824084,2026-08-04,KC,MIN,8,2,1.0,10,657746,677976,Kauffman Stadium,2.0,2.0,7.3636365,5.869565,2.16,0.88235295,0.44680852,0.29907537,7.5520587,5.5864725,2.16,0.89275444,0.6368243,0.3137916,0.30993062,0.22861843,0.19457014,0.04223228,0.33945075,0.25657895,0.20735294,0.054411765,1.2414016,11.172614,1.2061806,10.855625
824639,2026-08-18,CHC,CWS,3,3,0.0,6,663542,592332,Wrigley Field,1.0,1.0,9.0,7.714286,0.0,1.0,-1.7142857,0.19405556,7.767123,5.547945,1.1095891,0.94520545,0.20547946,0.29750147,0.3283359,0.19419795,0.22340912,0.096860394,0.32018304,0.18695998,0.27519852,0.093516216,0.9755984,9.078826,0.95350605,8.941012
822944,2026-08-01,TB,CWS,1,0,1.0,1,663855,656876,Steinbrenner Field,1.0,1.0,7.3636365,5.869565,2.16,0.88235295,0.44680852,0.29907537,7.5520587,5.5864725,2.16,0.89275444,0.6368243,0.3137916,0.30208603,0.14389284,0.21597263,0.08709255,0.29870787,0.14523649,0.21584043,0.08506015,0.9415468,8.829042,0.9308739,8.650345
822700,2026-08-09,WSH,CIN,7,1,1.0,8,663903,695418,Nationals Park,1.0,1.0,9.0,6.75,3.375,1.0,-0.375,0.32668695,0.0,0.0,0.0,0.0,0.0,0.49833333,0.28013203,0.12651384,0.25596914,0.095832564,0.30482486,0.21595767,0.27208546,0.10266928,0.94492227,8.984397,0.85779893,8.05928
823108,2026-08-04,SEA,DET,0,8,0.0,8,675512,676106,T-Mobile Park,2.0,2.0,7.3636365,5.869565,2.16,0.88235295,0.44680852,0.29907537,7.5520587,5.5864725,2.16,0.89275444,0.6368243,0.3137916,0.35153177,0.12703963,0.15938228,0.13374126,0.41305965,0.19799499,0.19791667,0.11647727,1.2061806,10.855625,1.0862219,10.219175
823190,2026-08-09,SF,DET,1,3,0.0,4,675512,657277,Oracle Park,1.0,1.0,5.4,4.32,2.16,0.6,-0.24,0.21246631,6.75,9.0,1.125,0.75,-1.625,0.20965955,0.26422977,0.13319784,0.2210089,0.08796262,0.37201858,0.1585848,0.20356388,0.10788455,0.9510887,8.852063,0.99338263,9.275043
824163,2026-08-02,HOU,TEX,7,3,1.0,10,677958,663567,Minute Maid Park,1.0,1.0,7.3636365,5.869565,2.16,0.88235295,0.44680852,0.29907537,7.5520587,5.5864725,2.16,0.89275444,0.6368243,0.3137916,0.3464737,0.15151516,0.18421052,0.10526316,0.29378948,0.1764706,0.2631579,0.10526316,0.92727274,8.836364,0.92727274,8.836364
824968,2026-08-14,ATH,TEX,8,3,1.0,11,677958,695611,Unknown,2.0,1.0,10.8,6.0,2.4,1.4,2.0666666,0.37999344,10.125,9.0,4.5,1.125,-0.5,0.32830787,0.2725619,0.1321861,0.23644428,0.048059322,0.26531118,0.10821497,0.25096175,0.08317245,0.894441,8.461926,0.92490417,8.523964
824326,2026-08-01,COL,KC,12,6,1.0,18,679883,663372,Coors Field,1.0,1.0,7.3636365,5.869565,2.16,0.88235295,0.44680852,0.29907537,7.5520587,5.5864725,2.16,0.89275444,0.6368243,0.3137916,0.30208603,0.14389284,0.21597263,0.08709255,0.29870787,0.14523649,0.21584043,0.08506015,0.9415468,8.829042,0.9308739,8.650345
824475,2026-08-18,CIN,STL,0,3,0.0,3,681517,671096,Great American Ball Park,1.0,1.0,9.0,9.0,0.0,1.0,-2.0,0.29694092,9.986301,2.958904,3.69863,1.1095891,0.5753425,0.3274349,0.2725218,0.16289498,0.27520978,0.085327305,0.31785932,0.154128,0.20469649,0.09044645,0.9098695,8.497045,0.91480297,8.489314
824725,2026-08-17,BOS,AZ,11,1,1.0,12,683352,687941,Fenway Park,1.0,1.0,4.8,7.8,2.4,0.6,-0.06666667,0.22212215,6.75,0.0,0.0,0.75,0.0,0.23645,0.32977757,0.16872059,0.20321518,0.100564696,0.32923985,0.18515114,0.20230038,0.090245076,0.93715334,8.725539,0.88907295,8.2177515
823432,2026-08-04,PHI,WSH,5,0,1.0,5,687223,666200,Citizens Bank Park,1.0,1.0,7.3636365,5.869565,2.16,0.88235295,0.44680852,0.29907537,7.5520587,5.5864725,2.16,0.89275444,0.6368243,0.3137916,0.37306762,0.18592593,0.16016762,0.14686906,0.2317963,0.083333336,0.25,0.10185185,0.91707194,8.862653,0.82722527,8.222027
824562,2026-08-12,CWS,CIN,5,0,1.0,5,695076,622491,Rate Field,1.0,1.0,5.625,3.375,2.25,0.75,1.625,0.36811075,9.0,7.5,1.5,1.1666666,1.0,0.35032383,0.28801504,0.15947805,0.30486128,0.08646952,0.27792007,0.18368278,0.27311984,0.08277786,0.92052585,8.837826,0.8303806,7.7900023
822701,2026-08-08,WSH,CIN,8,2,1.0,10,695505,674841,Nationals Park,1.0,1.0,6.1363635,11.045455,2.4545455,0.54545456,-1.2272727,0.28001946,7.875,5.625,3.375,0.75,0.25,0.33938572,0.26718563,0.12673011,0.26550913,0.09407891,0.31949088,0.2363256,0.2888616,0.1054951,0.9321779,8.864366,0.8255783,7.737167
823757,2026-08-03,MIL,PIT,3,4,0.0,7,696149,687075,American Family Field,1.0,1.0,7.3636365,5.869565,2.16,0.88235295,0.44680852,0.29907537,7.5520587,5.5864725,2.16,0.89275444,0.6368243,0.3137916,0.24039134,0.078125,0.2867647,0.12908497,0.23218703,0.032291666,0.22963801,0.13386124,0.66736054,6.006245,0.877876,8.424738
823348,2026-08-08,PIT,NYM,9,0,1.0,9,476594,696149,PNC Park,1.0,1.0,3.0,6.0,0.0,0.5,0.8333333,0.34888887,9.0,5.625,4.5,1.0,0.25,0.4188465,0.261564,0.08413141,0.27643165,0.10658506,0.330242,0.20912409,0.23166513,0.076238856,0.8867519,8.355979,0.98583025,9.096464
824323,2026-08-02,COL,KC,8,1,1.0,9,607625,607536,Coors Field,1.0,1.0,7.3636365,5.869565,2.16,0.88235295,0.44680852,0.29907537,7.5520587,5.5864725,2.16,0.89275444,0.6368243,0.3137916,0.49120456,0.2820513,0.18181819,0.11363637,0.4287436,0.39473686,0.15384616,0.025641026,1.3157895,11.842105,1.3157895,11.842105
823993,2026-08-14,LAA,KC,6,7,0.0,13,607625,680570,Angel Stadium,1.0,2.0,8.265306,4.408163,3.3061225,0.97959185,0.9183673,0.30891684,7.630435,8.217391,2.9347825,0.7826087,-0.65217394,0.2776252,0.25209826,0.08597307,0.27433214,0.074117824,0.28077516,0.14712833,0.17896764,0.071324,0.94851923,8.776659,0.9458659,8.683574
823106,2026-08-05,SEA,DET,4,2,1.0,6,623454,693433,T-Mobile Park,1.0,1.0,5.4,10.8,0.0,0.6,-2.4,0.2326,7.5520587,5.5864725,2.16,0.89275444,0.6368243,0.3137916,0.2958447,0.08469308,0.18468623,0.12837653,0.42249712,0.22848788,0.21721576,0.1164112,1.1278048,10.150243,1.0533304,9.807668
823024,2026-08-07,STL,COL,3,2,1.0,5,663372,681517,Busch Stadium,2.0,2.0,7.269231,3.1153846,1.0384616,1.0384616,2.6538463,0.2883011,7.5520587,5.5864725,2.16,0.89275444,0.6368243,0.3137916,0.31882167,0.14882827,0.2150595,0.0856398,0.36468247,0.21460831,0.20057273,0.06545893,0.8979937,8.293373,1.0033406,9.119611
825047,2026-08-12,AZ,COL,4,6,0.0,10,663372,518876,Unknown,1.0,1.0,7.56,2.7,2.16,1.02,2.46,0.2877232,9.978261,5.2826085,4.695652,1.173913,1.2391304,0.34299386,0.31979343,0.17423819,0.20443262,0.08624611,0.33835775,0.18353559,0.19309911,0.07210398,0.957885,8.895955,0.96637565,8.946607
824565,2026-08-08,CWS,CLE,6,3,1.0,9,668909,641743,Rate Field,1.0,1.0,2.8421052,14.210526,1.4210526,0.31578946,-2.6842105,0.15972784,8.0,3.0,1.0,0.8888889,-0.33333334,0.28051317,0.2636188,0.11977263,0.3325999,0.07735386,0.33327004,0.113976784,0.22781622,0.10191398,0.9324636,8.78229,1.035423,9.8961115
823107,2026-08-02,SEA,MIN,6,6,0.0,12,671737,669923,T-Mobile Park,1.0,1.0,7.3636365,5.869565,2.16,0.88235295,0.44680852,0.29907537,7.5520587,5.5864725,2.16,0.89275444,0.6368243,0.3137916,0.311359,0.15151516,0.20512821,0.15384616,0.30917647,0.25,0.2647059,0.05882353,1.0212766,9.191489,1.0212766,9.191489
823752,2026-08-08,MIL,MIN,4,3,1.0,7,671737,688107,American Family Field,1.0,1.0,10.24138,1.862069,3.724138,1.137931,0.82758623,0.38266608,7.714286,7.714286,2.5714285,0.85714287,-0.85714287,0.34212658,0.28664562,0.12647864,0.27722538,0.11572462,0.30367422,0.16480987,0.18446289,0.08538576,0.8178944,7.595273,1.0259426,9.4187975
823997,2026-08-11,LAA,TEX,3,2,1.0,5,674003,696270,Angel Stadium,1.0,1.0,9.45,6.75,2.7,1.05,-0.6,0.2767329,10.8,1.35,6.75,1.2,4.35,0.47374576,0.23502344,0.10000411,0.30671382,0.07224239,0.27919894,0.1207176,0.250789,0.08936078,0.889328,8.167988,0.94515693,8.7859125
824965,2026-08-16,ATH,TEX,5,2,1.0,7,674003,682052,Unknown,1.0,1.0,8.217391,3.5217392,1.7608696,0.84782606,0.0,0.33041844,5.2826085,8.217391,1.173913,0.7173913,0.26086956,0.20156835,0.28636333,0.14873445,0.22963063,0.060035795,0.26886392,0.11358902,0.24381359,0.08449937,0.90721893,8.520534,0.9237284,8.569301
824805,2026-08-04,BAL,LAA,3,1,1.0,4,680570,700249,Oriole Park at Camden Yards,2.0,2.0,7.3636365,5.869565,2.16,0.88235295,0.44680852,0.29907537,7.5520587,5.5864725,2.16,0.89275444,0.6368243,0.3137916,0.19749324,0.0,0.38421053,0.09774436,0.19055589,0.069196425,0.3745098,0.0627451,1.0226457,9.203812,0.66736054,6.006245
823835,2026-08-09,MIA,LAA,12,3,1.0,15,680570,687473,loanDepot park,1.0,1.0,5.1923075,6.230769,1.0384616,0.46153846,-0.6923077,0.27898458,4.695652,5.869565,0.0,0.65217394,0.39130434,0.27030435,0.28242332,0.09653961,0.19048679,0.08907139,0.23271905,0.09683067,0.30753317,0.06760835,0.97481424,8.912819,0.8406608,7.7965775
824153,2026-08-20,HOU,LAA,3,18,0.0,21,680570,663567,Minute Maid Park,1.0,1.0,7.285714,8.142858,3.0,0.8095238,-0.04761905,0.26388067,7.8923078,7.0615387,2.9076922,0.8769231,0.13846155,0.25817207,0.28748083,0.14009659,0.2059475,0.08055091,0.24417023,0.08133714,0.26760638,0.07103936,0.82877576,7.6591134,0.8421285,7.778069
824728,2026-08-05,BOS,CWS,4,0,1.0,4,680732,543243,Fenway Park,1.0,1.0,7.3636365,5.869565,2.16,0.88235295,0.44680852,0.29907537,7.5520587,5.5864725,2.16,0.89275444,0.6368243,0.3137916,0.38427785,0.32477477,0.14301075,0.07363147,0.25168425,0.116015844,0.34074074,0.07337963,0.91712207,8.620604,0.8955867,8.407326
824236,2026-08-16,DET,CWS,5,7,0.0,12,680732,623454,Comerica Park,1.0,1.0,4.8,7.2,1.2,0.6666667,0.53333336,0.33325645,7.714286,4.6285715,2.3142858,0.94285715,0.85714287,0.30671832,0.32455778,0.14677249,0.21268386,0.0860968,0.31877592,0.17756121,0.27501017,0.08199428,0.8670117,8.09824,0.93898505,8.901771
825054,2026-08-04,AZ,SD,4,9,0.0,13,681190,593958,Unknown,1.0,1.0,7.3636365,5.869565,2.16,0.88235295,0.44680852,0.29907537,7.5520587,5.5864725,2.16,0.89275444,0.6368243,0.3137916,0.32545996,0.13468993,0.2378552,0.11174951,0.2867384,0.09068628,0.23756053,0.07197868,1.077282,10.593801,0.9692281,9.402404
823186,2026-08-11,SF,HOU,4,1,1.0,5,686613,687931,Oracle Park,1.0,1.0,4.695652,9.391304,2.347826,0.65217394,0.39130434,0.2316373,12.0,6.0,4.5,1.3333334,0.16666667,0.28752705,0.2553859,0.13216975,0.23495887,0.08042738,0.31388828,0.13878542,0.18065338,0.09552585,0.9130565,8.450477,0.9116518,8.568119
824481,2026-08-06,CIN,ATH,6,5,1.0,11,686930,671096,Great American Ball Park,1.0,1.0,7.3636365,5.869565,2.16,0.88235295,0.44680852,0.29907537,9.391304,1.173913,5.869565,1.0434783,1.6956521,0.31983238,0.28253615,0.1637122,0.27402598,0.1030303,0.2739428,0.0857897,0.21477781,0.06675254,0.8077008,7.5710163,0.9524969,8.857119
824077,2026-08-17,KC,ATH,9,5,1.0,14,686930,608379,Kauffman Stadium,1.0,1.0,7.243902,4.609756,3.9512196,1.1707317,6.219512,0.41977662,6.0612245,3.3061225,1.6530613,0.79591835,1.4081633,0.29654473,0.2706938,0.14249158,0.20802172,0.06554039,0.29830542,0.15851873,0.22262694,0.061386622,0.8803358,8.195114,0.9480883,8.879646
822781,2026-08-01,TOR,STL,5,1,1.0,6,687273,592332,Rogers Centre,1.0,1.0,7.3636365,5.869565,2.16,0.88235295,0.44680852,0.29907537,7.5520587,5.5864725,2.16,0.89275444,0.6368243,0.3137916,0.30208603,0.14389284,0.21597263,0.08709255,0.29870787,0.14523649,0.21584043,0.08506015,0.9415468,8.829042,0.9308739,8.650345
824514,2026-08-17,CIN,STL,1,2,0.0,3,687273,592288,Great American Ball Park,1.0,1.0,10.125,3.375,3.375,1.125,0.375,0.29397863,7.5520587,5.5864725,2.16,0.89275444,0.6368243,0.3137916,0.27038562,0.16473712,0.2646834,0.08909291,0.319671,0.15632239,0.20255345,0.08945867,0.9184752,8.63793,0.93571806,8.728894
823187,2026-08-12,SF,HOU,1,2,0.0,3,687911,605288,Oracle Park,1.0,1.0,6.230769,8.307693,2.0769231,0.9230769,1.8461539,0.299581,8.217391,4.695652,1.173913,0.9130435,-0.65217394,0.15701884,0.26270565,0.1341043,0.23368521,0.08071797,0.3038616,0.12490688,0.17339885,0.09408138,0.9049333,8.403988,0.9028015,8.506251
824804,2026-08-06,BAL,LAA,1,4,0.0,5,696270,687064,Oriole Park at Camden Yards,1.0,1.0,7.3636365,5.869565,2.16,0.88235295,0.44680852,0.29907537,7.5520587,5.5864725,2.16,0.89275444,0.6368243,0.3137916,0.24557298,0.13084975,0.34230688,0.08062621,0.20873238,0.080220334,0.3502889,0.044886064,0.836945,7.846193,0.66152924,6.2404084
825051,2026-08-07,AZ,LAD,2,3,0.0,5,808963,518876,Unknown,1.0,2.0,7.3636365,5.869565,2.16,0.88235295,0.44680852,0.29907537,11.88,5.4,4.32,1.44,1.8,0.41397265,0.31820312,0.13831341,0.20838432,0.08594445,0.30071613,0.1348442,0.18490554,0.035142608,1.048238,9.986393,0.94074774,8.815328
824318,2026-08-19,COL,LAD,4,6,0.0,10,808963,607536,Coors Field,1.0,1.0,7.3125,3.9375,3.375,0.875,1.0625,0.33706266,6.428571,4.178571,1.9285715,0.71428573,0.2857143,0.2966118,0.32166815,0.16923235,0.20279136,0.085972235,0.29940867,0.16334341,0.19594203,0.06260474,0.9757569,9.183164,0.8371806,7.7584867
824082,2026-08-05,KC,MIN,2,1,1.0,3,665152,702070,Kauffman Stadium,1.0,1.0,7.3636365,5.869565,2.16,0.88235295,0.44680852,0.29907537,7.5520587,5.5864725,2.16,0.89275444,0.6368243,0.3137916,0.32062042,0.19162796,0.17357308,0.06324257,0.31751978,0.21026832,0.17332302,0.07136223,1.1662534,10.496282,1.1484147,10.335732
823671,2026-08-15,MIN,PHI,1,9,0.0,10,666200,687570,Target Field,2.0,2.0,5.303571,9.160714,1.4464285,0.58928573,-1.5535715,0.20369838,7.3636365,7.3636365,3.6818182,1.0227273,2.25,0.3612772,0.31131583,0.14487486,0.20988663,0.084624276,0.33226967,0.1396284,0.1587594,0.12792225,0.94146925,8.887877,0.9611617,8.834187
824160,2026-08-03,HOU,TOR,1,3,0.0,4,669456,664299,Minute Maid Park,1.0,1.0,7.3636365,5.869565,2.16,0.88235295,0.44680852,0.29907537,7.5520587,5.5864725,2.16,0.89275444,0.6368243,0.3137916,0.4095508,0.18386568,0.1618727,0.09914321,0.2523078,0.07717803,0.20414673,0.067783095,1.0572143,10.2238035,0.8437629,7.8705277
823425,2026-08-09,PHI,TOR,6,6,0.0,12,669456,666200,Citizens Bank Park,1.0,1.0,10.607142,5.785714,1.9285715,1.1785715,-0.64285713,0.39059493,5.586207,6.5172415,1.862069,0.62068963,-0.82758623,0.2550572,0.34591106,0.15384191,0.1360027,0.124551676,0.26748982,0.12661442,0.21840264,0.07063516,0.95715415,8.919438,0.822309,7.5201173
822934,2026-08-20,TB,TOR,1,5,0.0,6,669456,693855,Steinbrenner Field,1.0,1.0,7.8157897,5.3289475,2.131579,0.9868421,1.0657895,0.35570195,6.394737,8.881579,1.0657895,0.82894737,-0.078947365,0.34316966,0.3295776,0.15328446,0.15741578,0.06685552,0.2809402,0.1070903,0.20063412,0.06957246,0.9759396,9.095304,0.9308555,8.613792
822783,2026-08-02,TOR,STL,1,5,0.0,6,669461,453286,Rogers Centre,1.0,1.0,7.3636365,5.869565,2.16,0.88235295,0.44680852,0.29907537,7.5520587,5.5864725,2.16,0.89275444,0.6368243,0.3137916,0.31873685,0.060606062,0.10526316,0.10526316,0.32871795,0.083333336,0.15384616,0.07692308,0.9807692,9.346154,0.9807692,9.346154
824643,2026-08-14,CHC,STL,3,0,1.0,3,669461,605280,Wrigley Field,1.0,2.0,7.9772725,6.1363635,1.8409091,0.8863636,0.3409091,0.28495464,10.5,1.5,3.0,1.3333334,2.8333333,0.45215636,0.32999,0.1947756,0.23273419,0.09820046,0.31770247,0.13582133,0.2066192,0.09076477,0.9313021,8.691516,0.91559654,8.493673
824476,2026-08-19,CIN,STL,5,4,1.0,9,669461,695505,Great American Ball Park,1.0,1.0,6.857143,6.857143,1.7142857,0.7619048,-0.1904762,0.2574229,6.8450704,8.746479,1.9014084,0.7183099,-1.1830986,0.23358242,0.2627985,0.15331292,0.27609876,0.082205586,0.31523642,0.15682635,0.20537412,0.08830572,0.8687006,8.085488,0.877529,8.107024
824885,2026-08-06,ATL,MIA,11,3,1.0,14,676083,527048,Truist Park,1.0,1.0,7.3636365,5.869565,2.16,0.88235295,0.44680852,0.29907537,3.24,6.48,2.16,0.36,-0.72,0.20974632,0.33734536,0.225786,0.200258,0.05589095,0.24237813,0.09518036,0.18502577,0.07346235,0.89121073,8.309587,0.8200961,7.510528
823427,2026-08-17,PHI,MIA,6,5,1.0,11,676083,650911,Citizens Bank Park,1.0,1.0,7.5,2.25,1.5,0.9166667,1.0833334,0.36007166,7.5441175,9.529411,2.7794118,0.8382353,-0.4852941,0.26376697,0.3356916,0.14608249,0.16172403,0.12326361,0.2934632,0.123992935,0.2207861,0.09073963,0.9584203,8.751522,1.0217576,9.542033
824891,2026-08-02,ATL,WSH,4,2,1.0,6,676917,702275,Truist Park,1.0,1.0,7.3636365,5.869565,2.16,0.88235295,0.44680852,0.29907537,7.5520587,5.5864725,2.16,0.89275444,0.6368243,0.3137916,0.42155263,0.3529412,0.15789473,0.10526316,0.19533333,0.0625,0.16666667,0.083333336,1.1020408,10.469388,1.1020408,10.469388
822860,2026-08-19,TEX,WSH,0,6,0.0,6,676917,677958,Globe Life Field,1.0,1.0,5.04,7.56,1.8,0.76,1.52,0.28503668,10.8,5.0142856,3.4714286,1.2857143,1.8428571,0.3540078,0.27485958,0.1145419,0.24827898,0.084265135,0.28988653,0.13213272,0.25119612,0.0742307,0.97826415,9.056405,0.95508724,8.877122
822774,2026-08-16,TOR,NYY,3,4,0.0,7,677960,656302,Rogers Centre,1.0,1.0,5.6511626,6.27907,2.511628,0.6976744,0.3488372,0.27324724,5.625,9.5625,2.8125,0.75,0.4375,0.23733635,0.27283147,0.09951365,0.2100639,0.07058848,0.279943,0.1600648,0.258124,0.0833575,0.8821884,8.107404,0.8355705,7.8080707
824000,2026-08-01,LAA,MIL,1,3,0.0,4,688107,608718,Angel Stadium,1.0,1.0,7.3636365,5.869565,2.16,0.88235295,0.44680852,0.29907537,7.5520587,5.5864725,2.16,0.89275444,0.6368243,0.3137916,0.30208603,0.14389284,0.21597263,0.08709255,0.29870787,0.14523649,0.21584043,0.08506015,0.9415468,8.829042,0.9308739,8.650345
823913,2026-08-14,LAD,MIL,3,1,1.0,4,688107,808967,Dodger Stadium,1.0,1.0,10.431818,5.5227275,2.4545455,1.0227273,0.0,0.39148062,5.1923075,4.673077,2.0769231,0.63461536,1.3269231,0.25866005,0.29555202,0.14646398,0.19838898,0.06488967,0.286356,0.11170459,0.27536482,0.11574259,0.9444931,8.735257,0.89528656,8.318578
823517,2026-08-04,NYY,STL,2,0,1.0,2,690928,677960,Yankee Stadium,1.0,1.0,7.3636365,5.869565,2.16,0.88235295,0.44680852,0.29907537,7.5520587,5.5864725,2.16,0.89275444,0.6368243,0.3137916,0.29196188,0.21766686,0.2526497,0.03733145,0.36029553,0.1991992,0.18724696,0.09621519,0.9843499,8.859149,0.92775255,8.502497
824642,2026-08-16,CHC,STL,4,11,0.0,15,690928,665795,Wrigley Field,1.0,1.0,7.3125,5.625,3.375,0.875,1.6875,0.3134383,7.5520587,5.5864725,2.16,0.89275444,0.6368243,0.3137916,0.32350144,0.18762524,0.22512421,0.094949886,0.31091753,0.15098344,0.19735187,0.087681524,0.9047107,8.497066,0.8983702,8.410543
823264,2026-08-11,SD,MIL,11,2,1.0,13,690986,621111,Petco Park,1.0,1.0,3.375,16.875,1.6875,0.375,-3.1875,0.12030181,11.076923,2.7692308,2.0769231,1.3076923,1.0769231,0.3076617,0.31139618,0.14823732,0.19959249,0.08254831,0.28813207,0.1285228,0.29027787,0.10633875,0.9389033,8.838451,0.7992197,7.465195
823836,2026-08-07,MIA,LAA,3,4,0.0,7,691946,663969,loanDepot park,1.0,1.0,7.3636365,5.869565,2.16,0.88235295,0.44680852,0.29907537,6.428571,3.857143,0.0,0.85714287,1.0,0.35738096,0.25494462,0.09432611,0.19012588,0.07982252,0.23303092,0.092747696,0.3152311,0.06090885,0.9356654,8.622123,0.7385367,6.9832015
824154,2026-08-18,HOU,LAA,1,3,0.0,4,691946,664299,Minute Maid Park,2.0,2.0,8.590909,4.909091,3.0681818,0.95454544,1.0227273,0.3202537,7.3125,2.25,0.5625,1.0,2.125,0.38505894,0.29918894,0.14311531,0.18607378,0.08095638,0.24310623,0.08218841,0.26822934,0.0695975,0.87751114,8.198956,0.93352026,8.597687
824161,2026-08-04,HOU,TOR,7,2,1.0,9,702056,669713,Minute Maid Park,1.0,1.0,7.3636365,5.869565,2.16,0.88235295,0.44680852,0.29907537,7.5520587,5.5864725,2.16,0.89275444,0.6368243,0.3137916,0.36920053,0.12257712,0.19124848,0.0994288,0.24536683,0.09185606,0.20680489,0.04518873,1.0028771,9.542247,0.8478509,7.82279
823269,2026-08-01,SD,SF,5,5,0.0,10,641816,621111,Petco Park,1.0,1.0,7.3636365,5.869565,2.16,0.88235295,0.44680852,0.29907537,7.5520587,5.5864725,2.16,0.89275444,0.6368243,0.3137916,0.30208603,0.14389284,0.21597263,0.08709255,0.29870787,0.14523649,0.21584043,0.08506015,0.9415468,8.829042,0.9308739,8.650345
823515,2026-08-07,NYY,ATL,2,2,0.0,4,641816,608331,Yankee Stadium,2.0,1.0,7.56,9.72,2.16,0.84,0.48,0.26933712,4.263158,9.947369,1.4210526,0.47368422,-1.7368422,0.15641205,0.28517613,0.1867906,0.23512994,0.08277935,0.36790007,0.25957617,0.17925401,0.063760385,0.9328404,8.5123005,0.99255055,9.249424
823667,2026-08-18,MIN,ATL,4,1,1.0,5,641816,805673,Target Field,1.0,1.0,5.869565,9.782609,1.5652174,0.6956522,-0.39130434,0.25886172,8.804348,4.695652,2.347826,1.1086956,1.4347826,0.34096995,0.3147124,0.14184527,0.2161774,0.08843716,0.29779834,0.18823364,0.2258356,0.05991441,0.9451761,8.988673,0.8459196,8.016971
825052,2026-08-05,AZ,SD,10,4,1.0,14,663554,683352,Unknown,1.0,1.0,7.3636365,5.869565,2.16,0.88235295,0.44680852,0.29907537,7.5520587,5.5864725,2.16,0.89275444,0.6368243,0.3137916,0.30958027,0.14789245,0.20045023,0.098518014,0.31073856,0.09127052,0.21077909,0.06485357,1.0361874,10.146189,0.94969225,9.192863
824397,2026-08-16,CLE,SD,0,5,0.0,5,663554,676440,Progressive Field,1.0,1.0,9.978261,4.1086955,2.9347825,1.2391304,1.7608696,0.38337517,4.9591837,7.714286,1.1020408,0.67346936,1.2244898,0.26854664,0.32119292,0.12699975,0.18700235,0.09980267,0.31480628,0.15035859,0.20235758,0.08625036,0.94766057,9.052728,0.9510798,8.8213005
824972,2026-08-01,ATH,DET,6,8,0.0,14,664285,678022,Unknown,1.0,1.0,7.3636365,5.869565,2.16,0.88235295,0.44680852,0.29907537,7.5520587,5.5864725,2.16,0.89275444,0.6368243,0.3137916,0.30208603,0.14389284,0.21597263,0.08709255,0.29870787,0.14523649,0.21584043,0.08506015,0.9415468,8.829042,0.9308739,8.650345
823105,2026-08-06,SEA,DET,0,11,0.0,11,664285,682243,T-Mobile Park,1.0,1.0,9.9,5.4,1.8,1.1,-0.6,0.32835525,7.5520587,5.5864725,2.16,0.89275444,0.6368243,0.3137916,0.30671686,0.12601982,0.16351467,0.104615726,0.37730667,0.19722798,0.22908829,0.09466135,1.061497,9.779285,1.0074198,9.540901
823343,2026-08-17,PIT,DET,5,8,0.0,13,664285,669387,PNC Park,1.0,1.0,9.321428,4.5,2.892857,1.0357143,0.53571427,0.34165588,10.928572,3.857143,3.2142856,1.2857143,1.1428572,0.4208643,0.28029153,0.11060013,0.26009807,0.08785687,0.323615,0.15099463,0.20664966,0.08910454,0.9488052,8.897584,0.89188635,8.229091
823915,2026-08-13,LAD,MIL,4,5,0.0,9,675660,808963,Dodger Stadium,1.0,1.0,11.423077,4.1538463,4.1538463,1.5,3.4615386,0.39208907,4.695652,5.869565,1.173913,0.65217394,0.7826087,0.27707952,0.30350327,0.14804868,0.18968637,0.06276734,0.28321505,0.1210133,0.284423,0.111498915,0.93489796,8.699326,0.8837106,8.262317
824401,2026-08-06,CLE,NYM,6,13,0.0,19,690997,656492,Progressive Field,1.0,1.0,7.3636365,5.869565,2.16,0.88235295,0.44680852,0.29907537,7.5520587,5.5864725,2.16,0.89275444,0.6368243,0.3137916,0.33813065,0.11015437,0.23196824,0.11628561,0.28851008,0.20733693,0.24870434,0.065715745,1.0430834,10.1988945,0.8879347,8.245579
824886,2026-08-11,ATL,NYM,4,0,1.0,4,690997,527048,Truist Park,1.0,1.0,10.384615,8.307693,3.1153846,1.2692307,0.6923077,0.35482642,3.1764705,7.147059,2.3823528,0.3529412,-0.7941176,0.17486367,0.3197497,0.20476694,0.2388872,0.06030446,0.32957116,0.19054036,0.23067081,0.083005056,0.9438576,8.927231,0.9826908,9.200869
822699,2026-08-07,WSH,CIN,5,3,1.0,8,695534,676917,Nationals Park,1.0,1.0,7.3636365,5.869565,2.16,0.88235295,0.44680852,0.29907537,5.869565,3.5217392,1.173913,0.9130435,3.0,0.3209056,0.25886238,0.1089629,0.25767732,0.09934206,0.3129262,0.21484074,0.28949106,0.10945127,0.9564054,9.13979,0.84100455,7.926448
823834,2026-08-08,MIA,LAA,7,0,1.0,7,700712,645261,loanDepot park,1.0,1.0,7.3636365,8.590909,3.6818182,0.8181818,-0.6818182,0.2814994,6.75,5.625,2.25,0.75,-0.5,0.2785274,0.26948485,0.08737702,0.18169405,0.08589861,0.24052575,0.10759278,0.30323315,0.06877539,0.9524548,8.731259,0.7981636,7.447591
824155,2026-08-19,HOU,LAA,3,2,1.0,5,700712,814490,Minute Maid Park,1.0,1.0,7.913793,6.5172415,3.724138,0.87931037,-0.20689656,0.30380943,7.5520587,5.5864725,2.16,0.89275444,0.6368243,0.3137916,0.29102686,0.14024095,0.19387089,0.081619896,0.24435318,0.08440458,0.2657507,0.06703337,0.86039805,7.997215,0.8868825,8.185044
823669,2026-08-13,MIN,PHI,1,7,0.0,8,605400,671737,Target Field,1.0,1.0,7.630435,7.630435,2.347826,1.0434783,1.6304348,0.28475782,9.865385,4.673077,3.1153846,1.0384616,0.17307693,0.32099453,0.31271064,0.14467631,0.1994832,0.08494639,0.32541317,0.12714128,0.15810046,0.13064593,0.9962907,9.379209,0.9544659,8.896273
824080,2026-08-06,KC,MIN,3,4,0.0,7,641927,608379,Kauffman Stadium,1.0,1.0,7.3636365,5.869565,2.16,0.88235295,0.44680852,0.29907537,7.5520587,5.5864725,2.16,0.89275444,0.6368243,0.3137916,0.29993945,0.17149875,0.16466257,0.064673305,0.27076888,0.15770124,0.21063742,0.061586186,1.090418,9.813762,1.079758,9.717822
824664,2026-08-06,CHC,TOR,2,2,0.0,4,656302,656849,Wrigley Field,1.0,1.0,7.3636365,5.869565,2.16,0.88235295,0.44680852,0.29907537,4.32,8.64,0.0,0.6,-0.36,0.27928,0.36377782,0.22342215,0.22044477,0.114411764,0.2365461,0.11446848,0.22886762,0.049760766,0.98442775,9.099131,0.86466986,8.012711
822863,2026-08-07,TEX,BAL,2,1,1.0,3,669358,543135,Globe Life Field,2.0,1.0,7.56,4.32,1.08,0.84,-0.6,0.32335317,7.5520587,5.5864725,2.16,0.89275444,0.6368243,0.3137916,0.3023681,0.14506945,0.25255832,0.09289634,0.2569195,0.12690203,0.3238455,0.108945414,1.0171957,9.455201,0.8715598,8.203517
823672,2026-08-12,MIN,BAL,7,5,1.0,12,669358,805673,Target Field,1.0,1.0,5.09434,6.6226416,1.018868,0.6226415,-0.3962264,0.25544253,9.0,4.5,2.25,1.125,1.375,0.3943191,0.3061617,0.14861764,0.20193152,0.08844103,0.29393074,0.16475953,0.27896026,0.092182055,0.9886122,9.317343,0.9259048,8.841553
824561,2026-08-13,CWS,CIN,8,9,0.0,17,671096,663436,Rate Field,1.0,1.0,9.18,2.7,3.78,1.02,0.66,0.32657653,11.32258,1.7419355,2.612903,1.451613,4.548387,0.460131,0.2989811,0.16705966,0.29059136,0.08593068,0.26247,0.16531451,0.28774333,0.08417749,0.9304814,8.889748,0.852261,7.9576106
823349,2026-08-07,PIT,NYM,4,6,0.0,10,804267,669387,PNC Park,1.0,1.0,10.125,2.25,3.375,1.125,2.625,0.3806357,4.909091,9.818182,2.4545455,0.54545456,-1.3636364,0.35107535,0.24522635,0.08862951,0.30540958,0.10725523,0.32929042,0.22809178,0.24210073,0.07610201,0.8608905,8.111179,0.9801968,9.00644
824883,2026-08-12,ATL,NYM,6,3,1.0,9,804267,641816,Truist Park,1.0,1.0,9.418605,3.139535,3.139535,1.0465117,1.4651163,0.3278878,6.75,10.125,2.25,0.75,-0.5,0.2690307,0.31599975,0.20736717,0.22749849,0.07302401,0.3140578,0.17148632,0.22322874,0.084079556,0.92293394,8.7072,0.9636718,9.008772
823586,2026-08-18,NYM,SD,2,5,0.0,7,592662,804267,Citi Field,1.0,1.0,9.642858,3.857143,5.142857,1.2142857,2.7142856,0.37153724,8.865672,2.8208954,2.4179103,1.0298507,1.4776119,0.3455617,0.31433252,0.17444558,0.23548755,0.08816953,0.3195843,0.15299234,0.19355594,0.090399615,0.93035936,8.71473,0.88058215,8.260036
824729,2026-08-06,BOS,CWS,11,11,0.0,22,622491,624133,Fenway Park,1.0,1.0,7.3636365,5.869565,2.16,0.88235295,0.44680852,0.29907537,7.5520587,5.5864725,2.16,0.89275444,0.6368243,0.3137916,0.3669887,0.27806383,0.16786413,0.08552664,0.23779261,0.09534522,0.35849673,0.07709355,0.9107218,8.486737,0.893484,8.30928
824641,2026-08-17,CHC,CWS,5,5,0.0,10,622491,684007,Wrigley Field,1.0,1.0,5.9268293,9.878049,1.9756098,0.73170733,-0.58536583,0.26978493,6.75,6.75,0.0,0.95454544,2.25,0.348949,0.3218294,0.1892583,0.22941417,0.09739182,0.32262468,0.18732725,0.271046,0.086590506,0.894437,8.353619,0.94860893,8.975998
823429,2026-08-05,PHI,WSH,4,10,0.0,14,663623,691725,Citizens Bank Park,1.0,1.0,7.3636365,5.869565,2.16,0.88235295,0.44680852,0.29907537,7.5520587,5.5864725,2.16,0.89275444,0.6368243,0.3137916,0.36403683,0.16150327,0.14790349,0.12404069,0.2230745,0.07862903,0.2556818,0.0915404,0.9457451,8.9893465,0.8740521,8.4801445
823590,2026-08-16,NYM,WSH,4,3,1.0,7,663623,681035,Citi Field,1.0,1.0,7.105263,4.9736843,2.8421052,0.8684211,2.131579,0.31312,10.8,7.8,1.8,1.0666667,-0.73333335,0.30412734,0.31794238,0.18445645,0.23336855,0.08983563,0.3003091,0.14011072,0.24626495,0.07871264,0.9951884,9.295498,0.960986,9.01379
823266,2026-08-07,SD,HOU,3,6,0.0,9,669854,592662,Petco Park,1.0,2.0,7.714286,5.142857,2.5714285,1.0,1.5714285,0.2234329,7.5520587,5.5864725,2.16,0.89275444,0.6368243,0.3137916,0.30333757,0.10108725,0.2043986,0.07924036,0.35647374,0.12566851,0.18080172,0.10649939,0.9917923,9.351414,0.95897925,9.058502
824647,2026-08-03,CHC,LAD,10,5,1.0,15,680736,571510,Wrigley Field,1.0,1.0,7.3636365,5.869565,2.16,0.88235295,0.44680852,0.29907537,7.5520587,5.5864725,2.16,0.89275444,0.6368243,0.3137916,0.27920097,0.102873564,0.24183007,0.15686275,0.29188454,0.08739496,0.20965251,0.041312743,0.94280905,8.485281,0.8413955,7.8707123
825050,2026-08-09,AZ,LAD,4,2,1.0,6,680736,593958,Unknown,1.0,1.0,7.0434785,4.695652,3.5217392,1.3043479,6.9130435,0.44841248,10.24138,3.724138,0.0,1.137931,-0.82758623,0.38031036,0.3195772,0.1605927,0.21399927,0.09505899,0.29018122,0.12274721,0.17944382,0.056465987,1.0311977,9.766394,0.9527877,8.902652
823919,2026-08-02,LAD,BOS,4,8,0.0,12,687562,686218,Dodger Stadium,1.0,1.0,7.3636365,5.869565,2.16,0.88235295,0.44680852,0.29907537,7.5520587,5.5864725,2.16,0.89275444,0.6368243,0.3137916,0.31322858,0.11764706,0.25714287,0.028571429,0.22012903,0.23333333,0.12903225,0.032258064,0.8684211,7.8157897,0.8684211,7.8157897
823346,2026-08-14,PIT,BOS,8,4,1.0,12,687562,696149,PNC Park,1.0,1.0,9.0,5.0625,2.25,0.9375,-0.1875,0.2646675,7.2,6.0,3.0,0.8,-0.33333334,0.3637525,0.2750692,0.10816995,0.2646824,0.09606404,0.3393208,0.17815925,0.1766659,0.101033986,0.9262848,8.748326,0.97511667,9.157227
824889,2026-08-05,ATL,MIA,4,1,1.0,5,691587,693821,Truist Park,1.0,1.0,7.3636365,5.869565,2.16,0.88235295,0.44680852,0.29907537,7.5520587,5.5864725,2.16,0.89275444,0.6368243,0.3137916,0.348979,0.28144017,0.15589955,0.05600275,0.27894863,0.11615446,0.18609495,0.077747785,0.8715275,8.2221575,0.7827707,7.210597
824477,2026-08-16,CIN,MIA,1,7,0.0,8,691587,666157,Great American Ball Park,1.0,1.0,7.875,9.0,2.25,0.875,-1.25,0.23446491,4.5,7.5,0.0,0.8333333,5.3333335,0.38543168,0.27232438,0.16916744,0.26639566,0.0842912,0.2900578,0.11897784,0.22409442,0.08575379,0.8858708,8.307407,1.0238883,9.521092
823188,2026-08-08,SF,DET,0,8,0.0,8,695549,694738,Oracle Park,1.0,1.0,7.3636365,5.869565,2.16,0.88235295,0.44680852,0.29907537,10.125,6.75,4.5,1.25,1.625,0.3799715,0.29421058,0.15539749,0.21761383,0.09687593,0.37325358,0.16249308,0.21937525,0.093256615,0.96402717,9.012631,1.0133524,9.506974
823342,2026-08-19,PIT,DET,3,3,0.0,6,695549,694973,PNC Park,1.0,1.0,8.307693,5.5384617,1.3846154,0.9230769,1.6923077,0.38475883,7.902439,6.585366,3.292683,0.8780488,0.80487806,0.36289597,0.27707195,0.109162144,0.2555772,0.08695978,0.31912082,0.14422968,0.20295388,0.08708105,0.9398384,8.860651,0.86309075,8.0188465
824726,2026-08-08,BOS,ATH,3,7,0.0,10,695611,687562,Fenway Park,1.0,1.0,12.857142,6.428571,7.714286,1.4285715,1.1428572,0.39899877,8.217391,4.695652,1.173913,0.9130435,-0.65217394,0.24464473,0.38424924,0.25383744,0.1635869,0.090838104,0.24740806,0.0891404,0.262917,0.05376095,0.99287343,9.285461,0.9853892,9.149825
824074,2026-08-20,KC,ATH,6,2,1.0,8,695611,677976,Kauffman Stadium,1.0,1.0,9.1267605,6.464789,4.5633802,1.0563381,0.63380283,0.3476736,8.8714285,4.242857,2.3142858,0.98571426,-0.17142858,0.32733858,0.29093575,0.14293712,0.19236463,0.07494967,0.29837018,0.15528649,0.20431669,0.06362558,0.9299948,8.69334,0.96840525,9.154786
823918,2026-08-10,LAD,KC,6,5,1.0,11,702070,669373,Dodger Stadium,1.0,1.0,4.821429,8.678572,0.96428573,0.42857143,-1.2857143,0.1737714,5.625,6.75,2.25,0.75,0.875,0.27686074,0.28222474,0.11912256,0.19745451,0.05676068,0.29645303,0.16703199,0.14364293,0.06798728,0.93476105,8.711294,1.0113618,9.238878
823991,2026-08-16,LAA,KC,0,3,0.0,3,702070,696270,Angel Stadium,1.0,1.0,6.75,5.7115383,1.5576923,0.6923077,-0.5769231,0.25162858,8.526316,4.263158,4.9736843,1.0263158,3.0,0.38536337,0.2566089,0.088059016,0.26768413,0.07210569,0.2696744,0.13987781,0.20739137,0.06642395,0.98555344,9.06687,0.91783005,8.490328
823514,2026-08-08,NYY,ATL,5,4,1.0,9,519242,543037,Yankee Stadium,1.0,1.0,7.3636365,5.869565,2.16,0.88235295,0.44680852,0.29907537,8.217391,5.869565,3.5217392,0.9130435,-0.13043478,0.3524125,0.28454602,0.16954772,0.25408116,0.092238605,0.35065547,0.24488491,0.1989279,0.06214266,0.9221579,8.485761,0.966819,9.051707
822942,2026-08-14,TB,BAL,5,6,0.0,11,605135,571927,Steinbrenner Field,2.0,2.0,7.3636365,5.869565,2.16,0.88235295,0.44680852,0.29907537,2.347826,4.695652,0.0,0.13043478,-0.65217394,0.22940746,0.3314348,0.17380713,0.15543851,0.0667419,0.29633507,0.16682684,0.27571326,0.09608688,0.857883,8.048709,0.9471113,9.030245
824880,2026-08-16,ATL,AZ,5,3,1.0,8,647336,693821,Truist Park,1.0,1.0,9.0,6.0,4.5,1.0,0.16666667,0.41552705,7.269231,3.6346154,2.5961537,0.9230769,1.5576923,0.33423477,0.30180395,0.20064855,0.22584799,0.05837012,0.3345815,0.1853892,0.19838308,0.092609525,0.9046246,8.481944,0.93317974,8.607752
823513,2026-08-09,NYY,ATL,1,2,0.0,3,656550,693645,Yankee Stadium,1.0,1.0,7.0434785,5.869565,1.173913,0.7826087,-0.9130435,0.26042736,12.705882,9.529411,7.9411764,1.5882353,2.8235295,0.37900853,0.30178228,0.19294566,0.27084506,0.09538819,0.34231088,0.23371087,0.20911966,0.057126142,0.93929213,8.689015,0.9800812,9.204229
824589,2026-08-20,CWS,ATL,0,2,0.0,2,656550,641743,Rate Field,1.0,1.0,8.015625,4.21875,2.53125,0.9375,0.515625,0.333784,7.6621623,4.0135136,1.0945946,0.8918919,0.6486486,0.31304675,0.32095397,0.17855836,0.2611996,0.09469975,0.29063386,0.17673127,0.23304927,0.06078771,0.95423794,8.787389,0.84114933,7.8683176
823675,2026-08-10,MIN,BAL,9,5,1.0,14,669432,665152,Target Field,1.0,1.0,2.5714285,11.571428,0.0,0.42857143,-0.71428573,0.16328572,7.105263,2.8421052,2.8421052,0.7894737,0.31578946,0.23187673,0.29298463,0.15169017,0.20381571,0.086102866,0.28704408,0.15986356,0.2877113,0.10204075,0.955193,8.859341,0.8705068,8.195981
822940,2026-08-16,TB,BAL,2,10,0.0,12,669432,642547,Steinbrenner Field,1.0,1.0,6.075,8.775,1.35,0.675,0.9,0.29367438,8.790698,5.023256,1.255814,1.1860465,2.0232558,0.39902374,0.3271848,0.15512148,0.15152319,0.07459604,0.302009,0.17000733,0.27391243,0.08733846,0.8792969,8.182259,0.97898066,9.205667
824564,2026-08-09,CWS,CLE,5,3,1.0,8,676282,663436,Rate Field,1.0,1.0,7.875,5.625,2.25,1.125,2.75,0.43269408,10.8,1.08,2.16,1.44,5.52,0.5054571,0.273082,0.121709876,0.3128634,0.07820807,0.3371472,0.12858242,0.21724907,0.09101784,0.92904514,8.881032,1.0223057,9.879053
823990,2026-08-15,LAA,KC,1,0,1.0,1,677976,672282,Angel Stadium,1.0,1.0,9.765958,2.8723404,2.2978723,1.0851064,0.12765957,0.35201564,6.585366,7.243902,3.292683,0.8780488,1.3902439,0.34486246,0.25783363,0.09218027,0.27144828,0.07044075,0.28692108,0.1515343,0.1859835,0.07195928,0.9710534,8.978753,0.93811595,8.660798
824405,2026-08-01,CLE,AZ,8,12,0.0,20,684442,800048,Progressive Field,1.0,1.0,7.3636365,5.869565,2.16,0.88235295,0.44680852,0.29907537,7.5520587,5.5864725,2.16,0.89275444,0.6368243,0.3137916,0.30208603,0.14389284,0.21597263,0.08709255,0.29870787,0.14523649,0.21584043,0.08506015,0.9415468,8.829042,0.9308739,8.650345
823920,2026-08-01,LAD,BOS,2,3,0.0,5,801139,808967,Dodger Stadium,1.0,1.0,7.3636365,5.869565,2.16,0.88235295,0.44680852,0.29907537,7.5520587,5.5864725,2.16,0.89275444,0.6368243,0.3137916,0.30208603,0.14389284,0.21597263,0.08709255,0.29870787,0.14523649,0.21584043,0.08506015,0.9415468,8.829042,0.9308739,8.650345
822776,2026-08-13,TOR,BOS,0,7,0.0,7,801139,453286,Rogers Centre,1.0,1.0,6.0,12.6,0.6,0.8,-0.8666667,0.19759159,4.909091,5.5227275,0.6136364,0.6818182,0.75,0.3061971,0.2783245,0.10850022,0.20875213,0.068272814,0.34039542,0.18452753,0.17973943,0.10156088,0.89934564,8.224248,0.97153234,9.118101
823426,2026-08-08,PHI,TOR,5,7,0.0,12,453286,605400,Citizens Bank Park,1.0,1.0,5.869565,5.869565,1.173913,0.65217394,-0.9130435,0.25977516,6.75,5.625,2.25,1.0,2.75,0.30548576,0.3531555,0.14520708,0.13320944,0.13282096,0.25846255,0.120311946,0.21008934,0.062488817,0.9816632,9.214776,0.81381917,7.4727936
822937,2026-08-19,TB,TOR,7,6,1.0,13,453286,656876,Steinbrenner Field,1.0,1.0,5.484375,5.484375,1.265625,0.703125,0.421875,0.25524238,6.044776,8.462687,1.6119403,0.6268657,-1.2089552,0.27026156,0.33062083,0.1530991,0.15832569,0.065676846,0.28017348,0.10685378,0.20187806,0.06914007,0.9707867,9.047954,0.92784214,8.568535
824808,2026-08-01,BAL,PHI,0,5,0.0,5,650911,669358,Oriole Park at Camden Yards,1.0,1.0,7.3636365,5.869565,2.16,0.88235295,0.44680852,0.29907537,7.5520587,5.5864725,2.16,0.89275444,0.6368243,0.3137916,0.30208603,0.14389284,0.21597263,0.08709255,0.29870787,0.14523649,0.21584043,0.08506015,0.9415468,8.829042,0.9308739,8.650345
823019,2026-08-11,STL,PHI,2,0,1.0,2,650911,669467,Busch Stadium,1.0,1.0,8.4375,9.5625,3.9375,0.9375,0.1875,0.28575048,7.714286,5.142857,3.857143,0.85714287,0.14285715,0.29202318,0.32512638,0.14368242,0.19173603,0.0954074,0.34180143,0.14611793,0.15119241,0.1307145,0.9354266,8.645195,0.9794027,9.044191
824484,2026-08-04,CIN,ATH,5,4,1.0,9,669372,663903,Great American Ball Park,2.0,2.0,7.3636365,5.869565,2.16,0.88235295,0.44680852,0.29907537,7.5520587,5.5864725,2.16,0.89275444,0.6368243,0.3137916,0.3226526,0.25784314,0.25865802,0.11363637,0.31841344,0.077651516,0.20187339,0.0626615,0.877876,8.424738,1.0862219,10.219175
824724,2026-08-09,BOS,ATH,3,4,0.0,7,669372,669062,Fenway Park,1.0,1.0,7.875,5.625,2.25,0.875,-0.5,0.29102743,9.0,9.0,2.25,0.5,0.25,0.25687274,0.37356058,0.23261254,0.19123776,0.09146667,0.26154977,0.11314075,0.25035742,0.060366526,0.9870639,9.188542,0.9794239,9.051999
824727,2026-08-07,BOS,ATH,13,1,1.0,14,678022,801139,Fenway Park,1.0,1.0,7.269231,9.346154,1.0384616,1.1538461,2.7692308,0.2923396,9.72,7.56,1.08,1.2,0.24,0.31243315,0.3704945,0.25845107,0.17357701,0.08627845,0.27699313,0.086278826,0.20515558,0.06451314,0.97244036,9.152881,0.95687425,8.947879
823511,2026-08-12,NYY,SEA,10,5,1.0,15,682243,701542,Yankee Stadium,1.0,1.0,7.3636365,6.1363635,2.4545455,0.95454544,1.2272727,0.29907537,9.391304,5.869565,1.173913,1.0434783,-0.9130435,0.3761665,0.29147616,0.17506886,0.26616472,0.09381563,0.26277596,0.108336,0.20768571,0.07954932,0.8956228,8.25376,0.9336465,8.733884
823749,2026-08-18,MIL,SEA,22,0,1.0,22,682243,690986,American Family Field,2.0,2.0,8.042553,5.744681,1.7234043,1.0212766,0.9574468,0.30547425,7.5348835,8.16279,2.511628,1.0465117,1.744186,0.27090067,0.28204763,0.11131868,0.28039145,0.10863749,0.29405296,0.13935722,0.21598558,0.09140838,0.8563494,7.9672375,0.89067763,8.349287
824888,2026-08-04,ATL,MIA,4,2,1.0,6,687473,656550,Truist Park,2.0,2.0,7.3636365,5.869565,2.16,0.88235295,0.44680852,0.29907537,7.5520587,5.5864725,2.16,0.89275444,0.6368243,0.3137916,0.36840966,0.29716024,0.14561403,0.069298245,0.27810866,0.1429817,0.17914245,0.07376453,0.8824749,8.224359,0.7571898,6.814708
824480,2026-08-15,CIN,MIA,4,8,0.0,12,687473,663903,Great American Ball Park,1.0,1.0,4.609756,5.9268293,0.6585366,0.6585366,0.80487806,0.275953,8.470589,4.7647057,2.1176472,1.0,0.4117647,0.34709957,0.27184677,0.16474622,0.2585027,0.09131546,0.27762786,0.111798644,0.22827621,0.08565356,0.8839571,8.1825905,1.0277121,9.4985695
822865,2026-08-04,TEX,SF,4,4,0.0,8,694918,669022,Globe Life Field,1.0,1.0,7.3636365,5.869565,2.16,0.88235295,0.44680852,0.29907537,7.5520587,5.5864725,2.16,0.89275444,0.6368243,0.3137916,0.26846606,0.13047756,0.3041214,0.09143692,0.32143953,0.17457564,0.19652486,0.09327339,1.0219294,9.690684,0.95429564,9.236145
822862,2026-08-09,TEX,BAL,5,10,0.0,15,700249,677958,Globe Life Field,1.0,1.0,9.391304,8.217391,1.173913,1.0434783,-1.4347826,0.26260126,11.0,5.0,2.0,1.3333334,1.0,0.26528364,0.2778625,0.13480018,0.2677918,0.08067316,0.25739992,0.12695208,0.29841778,0.09838092,0.9459244,8.82172,0.8249419,7.7780232
825049,2026-08-08,AZ,LAD,1,2,0.0,3,808967,694297,Unknown,1.0,1.0,2.892857,2.892857,0.96428573,0.53571427,2.4642856,0.22810103,6.48,3.24,1.08,0.72,-0.36,0.21071316,0.32277003,0.1676615,0.21534982,0.08591157,0.2983825,0.1284992,0.18742129,0.048333127,1.0337436,9.794308,0.9373938,8.732902
824807,2026-08-02,BAL,PHI,0,8,0.0,8,554430,680694,Oriole Park at Camden Yards,1.0,1.0,7.3636365,5.869565,2.16,0.88235295,0.44680852,0.29907537,7.5520587,5.5864725,2.16,0.89275444,0.6368243,0.3137916,0.17382857,0.0,0.4,0.14285715,0.3067,0.055555556,0.175,0.1,0.9,8.1,0.9,8.1
823017,2026-08-12,STL,PHI,7,1,1.0,8,554430,681517,Busch Stadium,1.0,1.0,9.257143,6.9428573,3.857143,1.1142857,0.85714287,0.22209188,9.818182,9.818182,0.0,1.0909091,-2.1818182,0.36118183,0.31705168,0.14002846,0.20359692,0.08931493,0.33467662,0.13283448,0.15043466,0.1370132,0.92972684,8.577417,0.9782187,9.038272
824890,2026-08-01,ATL,WSH,8,3,1.0,11,571945,527048,Truist Park,1.0,1.0,7.3636365,5.869565,2.16,0.88235295,0.44680852,0.29907537,7.5520587,5.5864725,2.16,0.89275444,0.6368243,0.3137916,0.30208603,0.14389284,0.21597263,0.08709255,0.29870787,0.14523649,0.21584043,0.08506015,0.9415468,8.829042,0.9308739,8.650345
823430,2026-08-06,PHI,WSH,7,3,1.0,10,571945,650911,Citizens Bank Park,1.0,1.0,7.0,3.0,1.0,1.1111112,4.0,0.43399367,7.56,11.88,5.4,0.84,-0.84,0.2595258,0.34066278,0.14634547,0.14213231,0.12780398,0.24748224,0.09546137,0.24605489,0.103421,0.9519053,9.12852,0.9076397,8.812621
824158,2026-08-05,HOU,TOR,4,5,0.0,9,592791,686613,Minute Maid Park,1.0,1.0,7.3636365,5.869565,2.16,0.88235295,0.44680852,0.29907537,7.5520587,5.5864725,2.16,0.89275444,0.6368243,0.3137916,0.37048593,0.124190904,0.16975214,0.12062424,0.2357221,0.093085594,0.20055822,0.049043063,1.0152166,9.546438,0.8965669,8.2176285
824320,2026-08-17,COL,LAD,5,11,0.0,16,605483,608372,Coors Field,1.0,1.0,4.909091,12.272727,1.2272727,0.54545456,-2.3181818,0.18217404,6.0,4.8,1.2,0.8666667,1.9333333,0.32445252,0.3277951,0.17779405,0.2008405,0.087257735,0.28748265,0.14869815,0.20814045,0.061726164,0.95118,8.927847,0.8648966,7.961296
824322,2026-08-05,COL,TB,0,4,0.0,4,607259,608372,Coors Field,1.0,1.0,7.3636365,5.869565,2.16,0.88235295,0.44680852,0.29907537,7.5520587,5.5864725,2.16,0.89275444,0.6368243,0.3137916,0.40429425,0.2604479,0.17718649,0.06711778,0.30695096,0.120912306,0.17351973,0.044078946,1.0764681,9.793027,0.903455,8.334333
824970,2026-08-11,ATH,TB,4,12,0.0,16,607259,686930,Unknown,1.0,1.0,7.3636365,4.909091,0.0,0.8181818,-1.0909091,0.3204091,7.714286,9.0,3.857143,1.1428572,5.285714,0.41067892,0.27191123,0.12194898,0.2505475,0.055652753,0.30873966,0.14170444,0.16449296,0.06372049,0.9664051,9.035407,0.84860843,7.952539
824646,2026-08-05,CHC,LAD,7,6,1.0,13,641778,684007,Wrigley Field,1.0,1.0,7.3636365,5.869565,2.16,0.88235295,0.44680852,0.29907537,7.5520587,5.5864725,2.16,0.89275444,0.6368243,0.3137916,0.3451491,0.21052769,0.2389706,0.1430147,0.27827016,0.113677196,0.16565575,0.04392826,0.9606806,8.646126,0.90397495,8.298779
824319,2026-08-18,COL,LAD,6,7,0.0,13,641778,663372,Coors Field,1.0,1.0,8.64,3.78,1.08,1.02,1.26,0.34291935,8.756757,2.554054,2.554054,1.0945946,1.8648648,0.29728058,0.32072103,0.1679019,0.19797745,0.08670371,0.2965897,0.15874974,0.20056646,0.061944366,0.973237,9.213212,0.8644793,8.061105
824241,2026-08-12,DET,CLE,4,6,0.0,10,656492,664285,Comerica Park,1.0,1.0,9.0,7.714286,2.5714285,1.2857143,2.857143,0.29360276,8.836364,5.4,1.9636364,0.9818182,-0.54545456,0.32045078,0.33912382,0.13392574,0.19895633,0.099720135,0.32940948,0.119056165,0.207199,0.1115324,0.96381694,8.99148,1.0177808,9.82608
822698,2026-08-12,WSH,CHC,6,12,0.0,18,656849,800600,Nationals Park,1.0,1.0,7.875,6.1875,1.6875,0.9375,0.0,0.29502016,7.5520587,5.5864725,2.16,0.89275444,0.6368243,0.3137916,0.29784968,0.14096925,0.24819636,0.08179763,0.34219745,0.19623072,0.21743695,0.097900525,0.9270676,8.820514,0.90926105,8.448836
824731,2026-08-04,BOS,CWS,14,2,1.0,16,663436,663776,Fenway Park,2.0,2.0,7.3636365,5.869565,2.16,0.88235295,0.44680852,0.29907537,7.5520587,5.5864725,2.16,0.89275444,0.6368243,0.3137916,0.30679178,0.27882883,0.18951613,0.07294721,0.2513875,0.15789473,0.4,0.040625,0.8413955,7.8707123,0.7928163,7.3896174
823916,2026-08-12,LAD,KC,4,2,1.0,6,663738,641778,Dodger Stadium,1.0,1.0,11.571428,5.785714,3.857143,1.2857143,0.0,0.2952079,10.565217,1.173913,0.0,1.4347826,3.1304348,0.46630436,0.29155672,0.12713926,0.189905,0.056544077,0.28850004,0.15898402,0.17581178,0.073193245,0.9278938,8.6419735,0.98800427,9.055606
824075,2026-08-18,KC,ATH,3,3,0.0,6,669620,663738,Kauffman Stadium,1.0,1.0,3.375,4.5,0.0,0.5,0.625,0.27892223,7.875,6.75,2.25,1.125,2.5,0.364546,0.27997255,0.14410326,0.2041536,0.06783769,0.30354246,0.16878414,0.21519256,0.06284974,0.9079458,8.440656,0.96860284,9.058029
824971,2026-08-02,ATH,DET,0,11,0.0,11,672456,695611,Unknown,1.0,1.0,7.3636365,5.869565,2.16,0.88235295,0.44680852,0.29907537,7.5520587,5.5864725,2.16,0.89275444,0.6368243,0.3137916,0.39760464,0.125,0.20930232,0.069767445,0.41593182,0.23809524,0.25,0.045454547,1.2295082,11.065574,1.2295082,11.065574
823191,2026-08-07,SF,DET,5,2,1.0,7,672456,664141,Oracle Park,2.0,1.0,6.1363635,2.4545455,2.4545455,0.54545456,0.6818182,0.312974,7.714286,0.0,7.714286,0.85714287,2.5714285,0.42978346,0.30021635,0.14647698,0.21265176,0.098069295,0.38732868,0.1949917,0.22910397,0.092395745,0.97485054,9.181454,1.0355167,9.791922
823341,2026-08-18,PIT,DET,4,1,1.0,5,672456,677952,PNC Park,1.0,1.0,5.625,2.625,2.25,0.6666667,1.375,0.28675765,3.2238805,8.059702,1.2089552,0.49253732,1.0746269,0.24964021,0.27791113,0.10736409,0.26147014,0.090378635,0.32889763,0.14759499,0.20398413,0.092886455,0.9640327,9.064876,0.8804503,8.124034
823673,2026-08-11,MIN,BAL,2,5,0.0,7,687064,641927,Target Field,1.0,1.0,9.45,5.4,2.7,1.2,1.65,0.2971329,7.0434785,0.0,0.0,0.7826087,0.0,0.28800002,0.31171244,0.16186273,0.20442533,0.086871795,0.28249,0.15220195,0.2843148,0.093877494,0.9959738,9.372433,0.92625046,8.843341
822939,2026-08-17,TB,BAL,7,6,1.0,13,687064,663556,Steinbrenner Field,1.0,1.0,9.5625,4.5,2.8125,1.0625,0.9375,0.2751453,7.5520587,5.5864725,2.16,0.89275444,0.6368243,0.3137916,0.32398626,0.15396202,0.16000512,0.071198255,0.3064751,0.17010885,0.26597518,0.09272791,0.89223254,8.302755,1.0121224,9.43947
824324,2026-08-03,COL,TB,9,13,0.0,22,693855,547179,Coors Field,1.0,1.0,7.3636365,5.869565,2.16,0.88235295,0.44680852,0.29907537,7.5520587,5.5864725,2.16,0.89275444,0.6368243,0.3137916,0.42898384,0.24708624,0.15669857,0.122607656,0.24100263,0.054054055,0.1991228,0.013157895,1.2414016,11.172614,0.7928163,7.3896174
823104,2026-08-09,SEA,TB,1,4,0.0,5,693855,676106,T-Mobile Park,1.0,1.0,6.48,9.72,0.0,0.84,-0.6,0.34772,9.0,6.0,2.0,1.1111112,0.7777778,0.28772807,0.28148404,0.11660007,0.19764341,0.08156867,0.29606664,0.14940754,0.17747736,0.0683209,0.98397756,9.20599,0.81916404,7.632033
823753,2026-08-05,MIL,PIT,4,2,1.0,6,694973,690986,American Family Field,1.0,1.0,7.3636365,5.869565,2.16,0.88235295,0.44680852,0.29907537,7.5520587,5.5864725,2.16,0.89275444,0.6368243,0.3137916,0.27213877,0.08191964,0.2763838,0.11095073,0.24548303,0.071675785,0.2790347,0.10727753,0.7632564,7.1313777,0.86215717,8.266307
823832,2026-08-11,MIA,PIT,2,0,1.0,2,694973,691587,loanDepot park,2.0,2.0,8.1,8.1,5.4,0.9,0.0,0.3297158,10.125,10.125,2.25,1.125,-1.5,0.27473575,0.30021697,0.11011318,0.20076685,0.092142016,0.27283764,0.101994686,0.27989438,0.10512172,1.0097353,9.203577,0.9079463,8.568576
824649,2026-08-01,CHC,NYY,5,2,1.0,7,608331,656849,Wrigley Field,1.0,1.0,7.3636365,5.869565,2.16,0.88235295,0.44680852,0.29907537,7.5520587,5.5864725,2.16,0.89275444,0.6368243,0.3137916,0.30208603,0.14389284,0.21597263,0.08709255,0.29870787,0.14523649,0.21584043,0.08506015,0.9415468,8.829042,0.9308739,8.650345
825053,2026-08-06,AZ,SD,1,5,0.0,6,621111,684442,Unknown,1.0,1.0,11.571428,1.2857143,2.5714285,1.4285715,2.4285715,0.35755515,8.526316,8.526316,1.4210526,0.94736844,1.1052631,0.39818943,0.33360374,0.15421139,0.19291832,0.09741906,0.291888,0.09968308,0.22576614,0.08045429,1.0823432,10.404835,1.0157108,9.657114
823589,2026-08-17,NYM,SD,2,1,1.0,3,621111,690997,Citi Field,1.0,1.0,9.428572,3.857143,2.142857,1.0476191,0.61904764,0.30283597,7.0434785,6.4565215,2.9347825,0.9130435,1.2391304,0.30562967,0.32257304,0.186906,0.23506671,0.08954125,0.32178253,0.16319183,0.1972004,0.087167,0.9929833,9.243692,0.8923581,8.348909
823103,2026-08-07,SEA,TB,1,2,0.0,3,656876,669302,T-Mobile Park,1.0,2.0,6.1363635,12.272727,1.2272727,0.6818182,-2.3181818,0.29140133,4.1538463,6.230769,1.0384616,0.6923077,1.9615384,0.29459316,0.292411,0.10081585,0.17456174,0.09619258,0.2968122,0.14047985,0.16738722,0.052406017,1.0802673,10.007085,0.8542508,7.861098
824967,2026-08-12,ATH,TB,4,8,0.0,12,656876,678022,Unknown,1.0,1.0,5.2826085,10.565217,1.7608696,0.5869565,-1.7608696,0.24806854,8.790698,7.5348835,2.511628,1.255814,2.7906976,0.35436058,0.2705292,0.12187529,0.24064426,0.050087478,0.32312477,0.17368785,0.16168004,0.066439345,0.9500075,8.900426,0.8428366,7.9160748
822867,2026-08-03,TEX,SF,1,5,0.0,6,657277,615698,Globe Life Field,1.0,1.0,7.3636365,5.869565,2.16,0.88235295,0.44680852,0.29907537,7.5520587,5.5864725,2.16,0.89275444,0.6368243,0.3137916,0.2678519,0.13511029,0.31729323,0.09548872,0.34144133,0.17362817,0.2178642,0.07580751,1.0572143,10.2238035,0.9593569,9.531488
823268,2026-08-09,SD,HOU,7,2,1.0,9,664299,681190,Petco Park,1.0,1.0,6.75,2.25,0.0,0.875,1.125,0.29158333,4.05,1.35,1.35,0.45,0.15,0.19044144,0.2998664,0.10890777,0.195887,0.091473676,0.34879783,0.14435506,0.18324783,0.108881675,0.96919763,9.173023,0.94054097,8.92247
823102,2026-08-08,SEA,TB,2,3,0.0,5,668984,669923,T-Mobile Park,1.0,1.0,10.384615,2.0769231,0.0,0.9230769,0.23076923,0.35782883,6.230769,3.1153846,1.0384616,0.6923077,-0.34615386,0.28230113,0.2777314,0.100679874,0.20607418,0.0902615,0.30167684,0.15470095,0.17552538,0.0661942,1.0216933,9.605666,0.82766193,7.7490163
824806,2026-08-05,BAL,LAA,5,2,1.0,7,672282,669432,Oriole Park at Camden Yards,1.0,1.0,7.3636365,5.869565,2.16,0.88235295,0.44680852,0.29907537,7.5520587,5.5864725,2.16,0.89275444,0.6368243,0.3137916,0.2115869,0.05952381,0.33140916,0.08666828,0.22840662,0.07470238,0.3487723,0.059848085,0.9027888,8.327117,0.6671531,6.183735
824157,2026-08-15,HOU,SEA,5,10,0.0,15,676106,669713,Minute Maid Park,1.0,1.0,10.384615,4.673077,1.5576923,1.1538461,0.40384614,0.28263602,5.94,4.32,2.16,0.78,1.32,0.31882036,0.2968391,0.12908907,0.17720513,0.08505758,0.27903077,0.12629026,0.21720451,0.08871177,0.8832025,8.1620865,0.8820625,8.271777
824402,2026-08-05,CLE,NYM,5,6,0.0,11,681035,676440,Progressive Field,1.0,1.0,7.3636365,5.869565,2.16,0.88235295,0.44680852,0.29907537,7.5520587,5.5864725,2.16,0.89275444,0.6368243,0.3137916,0.35428306,0.13912055,0.22085561,0.12103387,0.2743305,0.15679112,0.2015245,0.071360834,1.073229,10.642392,0.84234065,7.75641
824887,2026-08-10,ATL,NYM,5,8,0.0,13,681035,693821,Truist Park,1.0,1.0,10.125,7.875,2.25,1.0,-0.625,0.31222618,3.24,3.24,2.16,0.36,0.0,0.24026632,0.31848034,0.21964853,0.23601002,0.049985375,0.3193315,0.18733087,0.23624885,0.07884581,0.9370716,8.779193,0.9826819,9.124691
822697,2026-08-11,WSH,CHC,6,8,0.0,14,684007,663623,Nationals Park,2.0,2.0,8.217391,7.0434785,0.0,1.0434783,0.13043478,0.31795654,5.4,4.05,2.7,0.75,1.95,0.2908829,0.28876355,0.12446876,0.24799596,0.08810847,0.33751482,0.1850011,0.22391985,0.0961521,0.93009514,8.790285,0.90928817,8.360896
823109,2026-08-01,SEA,MIN,3,3,0.0,6,687570,669302,T-Mobile Park,1.0,1.0,7.3636365,5.869565,2.16,0.88235295,0.44680852,0.29907537,7.5520587,5.5864725,2.16,0.89275444,0.6368243,0.3137916,0.30208603,0.14389284,0.21597263,0.08709255,0.29870787,0.14523649,0.21584043,0.08506015,0.9415468,8.829042,0.9308739,8.650345
823751,2026-08-09,MIL,MIN,3,3,0.0,6,687570,694819,American Family Field,1.0,1.0,7.875,5.625,4.5,1.0,1.875,0.3192215,2.25,11.25,1.125,0.375,-0.5,0.16811788,0.28470775,0.114575066,0.2925722,0.1084019,0.3020591,0.15019417,0.18066745,0.08446599,0.79820466,7.5235353,0.9738699,9.077455
823018,2026-08-10,STL,PHI,5,6,0.0,11,691725,690928,Busch Stadium,1.0,1.0,7.9411764,6.352941,1.5882353,0.7058824,-0.3529412,0.29385877,5.1923075,4.1538463,3.1153846,0.8076923,3.1153846,0.2903649,0.32974154,0.147357,0.18365176,0.094512805,0.34273872,0.15225224,0.1408913,0.12626815,0.92092055,8.54779,0.97294277,9.012976
823670,2026-08-16,MIN,PHI,5,7,0.0,12,691725,665152,Target Field,1.0,1.0,7.105263,7.105263,2.8421052,0.7105263,-0.39473686,0.2632267,4.609756,5.9268293,1.9756098,0.5121951,-0.6585366,0.23422994,0.3119878,0.14471965,0.22135492,0.086004265,0.3367504,0.14064394,0.16011785,0.12830876,0.94240445,8.891274,0.9634256,8.846957
823588,2026-08-15,NYM,WSH,4,4,0.0,8,695418,640455,Citi Field,1.0,1.0,5.785714,7.714286,0.0,0.42857143,-1.0714285,0.38629258,8.150944,9.169811,2.54717,0.8490566,-0.11320755,0.32239887,0.3143696,0.18638696,0.22650014,0.08197106,0.29880318,0.1316577,0.24103259,0.08037186,0.991785,9.306127,0.95936817,9.008087
824404,2026-08-02,CLE,AZ,5,0,1.0,5,518876,668909,Progressive Field,1.0,1.0,7.3636365,5.869565,2.16,0.88235295,0.44680852,0.29907537,7.5520587,5.5864725,2.16,0.89275444,0.6368243,0.3137916,0.40327272,0.2195122,0.22727273,0.045454547,0.46455103,0.27906978,0.1632653,0.06122449,1.150685,11.835616,1.150685,11.835616
824723,2026-08-18,BOS,AZ,9,4,1.0,13,518876,624133,Fenway Park,1.0,1.0,9.391304,4.304348,4.304348,1.173913,2.173913,0.38742325,9.0,3.75,2.25,1.0,1.25,0.39892924,0.33888808,0.17799263,0.19051424,0.09854076,0.3186775,0.17559533,0.20480813,0.0864987,0.9255438,8.658032,0.90330255,8.390961
824162,2026-08-01,HOU,TEX,5,4,1.0,9,594798,669854,Minute Maid Park,1.0,1.0,7.3636365,5.869565,2.16,0.88235295,0.44680852,0.29907537,7.5520587,5.5864725,2.16,0.89275444,0.6368243,0.3137916,0.30208603,0.14389284,0.21597263,0.08709255,0.29870787,0.14523649,0.21584043,0.08506015,0.9415468,8.829042,0.9308739,8.650345
823995,2026-08-13,LAA,TEX,7,0,1.0,7,594798,700712,Angel Stadium,1.0,1.0,9.692307,8.307693,3.4615386,1.1538461,0.30769232,0.31222498,10.028571,6.9428573,4.6285715,1.1142857,0.0,0.35296074,0.24041761,0.09139646,0.27709848,0.07420393,0.27444336,0.11805269,0.25299725,0.085538775,0.90602165,8.403786,0.92606753,8.635842
824076,2026-08-19,KC,ATH,9,7,1.0,16,605488,607625,Kauffman Stadium,1.0,1.0,7.3636365,5.869565,2.16,0.88235295,0.44680852,0.29907537,8.8714285,4.6285715,2.3142858,0.98571426,0.42857143,0.31173456,0.28353018,0.13900305,0.20126241,0.071821526,0.2981822,0.15823513,0.20695135,0.06760218,0.93392986,8.676576,0.95802915,9.006252
823917,2026-08-11,LAD,KC,4,4,0.0,8,608379,605483,Dodger Stadium,1.0,1.0,6.1363635,1.2272727,3.6818182,0.8181818,2.7272727,0.34038576,7.5520587,5.5864725,2.16,0.89275444,0.6368243,0.3137916,0.29108867,0.12324783,0.18821354,0.059977747,0.29861256,0.17356248,0.15546039,0.07277881,0.9439689,8.761926,1.012313,9.232395
825095,2026-08-03,AZ,SD,5,1,1.0,6,650633,694297,Unknown,1.0,1.0,7.3636365,5.869565,2.16,0.88235295,0.44680852,0.29907537,7.5520587,5.5864725,2.16,0.89275444,0.6368243,0.3137916,0.31460884,0.13953489,0.2621882,0.10005669,0.3343197,0.120404415,0.2805832,0.0928165,1.099544,11.052916,0.9593569,9.531488
824399,2026-08-14,CLE,SD,5,7,0.0,12,650633,668909,Progressive Field,1.0,2.0,6.75,6.75,3.0681818,0.8863636,1.2954545,0.25254422,3.9512196,11.195122,1.9756098,0.5121951,-0.8780488,0.1730607,0.3156301,0.11460861,0.17962748,0.108236104,0.32208344,0.15514809,0.1900244,0.08260216,0.96395737,9.199072,0.958605,8.846332
823587,2026-08-19,NYM,SD,4,2,1.0,6,650633,476594,Citi Field,1.0,1.0,6.9428573,5.785714,2.3142858,0.94285715,1.7142857,0.2720672,10.451612,5.66129,3.483871,1.1129032,0.82258064,0.34310314,0.31280187,0.17824863,0.23721695,0.08923788,0.321722,0.15830122,0.19687617,0.08949376,0.9127421,8.502883,0.8706353,8.111632
824237,2026-08-14,DET,CWS,5,9,0.0,14,656794,695549,Comerica Park,1.0,1.0,5.0625,6.75,1.6875,0.5625,-0.9375,0.27713454,3.375,6.75,1.6875,0.375,-0.9375,0.2735886,0.32817087,0.13468383,0.20981385,0.096603595,0.30370596,0.16119643,0.28896734,0.08844938,0.8999772,8.500165,0.9742626,9.254734
824640,2026-08-19,CHC,CWS,0,3,0.0,3,656794,605280,Wrigley Field,1.0,1.0,4.6551723,7.448276,2.7931035,0.51724136,-0.7241379,0.25205126,6.075,2.7,2.025,0.75,1.05,0.34202883,0.32822636,0.19488527,0.2241993,0.09735467,0.32107127,0.18420355,0.26951176,0.092605665,0.9852309,9.124154,0.9669114,9.026746
824563,2026-08-11,CWS,CIN,4,5,0.0,9,666157,680732,Rate Field,2.0,2.0,7.3636365,5.869565,2.16,0.88235295,0.44680852,0.29907537,8.1,5.4,2.7,1.05,1.65,0.4162329,0.28864866,0.13774614,0.30580676,0.097278215,0.28526208,0.19312963,0.2743651,0.089835614,0.9445392,9.055153,0.8531345,7.9649496
824645,2026-08-04,CHC,LAD,5,1,1.0,6,669373,665871,Wrigley Field,1.0,1.0,7.3636365,5.869565,2.16,0.88235295,0.44680852,0.29907537,7.5520587,5.5864725,2.16,0.89275444,0.6368243,0.3137916,0.34021732,0.1998955,0.24455337,0.1629085,0.30628493,0.117086835,0.17786358,0.037065636,1.0125705,9.113134,0.9361817,8.631896
823833,2026-08-12,MIA,PIT,8,2,1.0,10,669387,676083,loanDepot park,1.0,1.0,9.0,5.0,2.0,1.1111112,1.0,0.37581357,10.384615,2.0769231,2.0769231,1.3846154,3.2307692,0.44506377,0.29417497,0.10978315,0.21071748,0.08907247,0.26133454,0.09179521,0.284163,0.10106116,0.98428357,9.014528,0.89134234,8.437973
823431,2026-08-03,PHI,WSH,6,3,1.0,9,674841,605400,Citizens Bank Park,1.0,1.0,7.3636365,5.869565,2.16,0.88235295,0.44680852,0.29907537,7.5520587,5.5864725,2.16,0.89275444,0.6368243,0.3137916,0.38986614,0.16777778,0.15201613,0.14677419,0.20438889,0.03125,0.2361111,0.11111111,1.0226457,9.203812,0.8824749,8.224359
823591,2026-08-14,NYM,WSH,4,1,1.0,5,674841,476594,Citi Field,2.0,1.0,6.75,4.2954545,2.4545455,0.6818182,0.06818182,0.28211358,11.195122,5.268293,3.292683,1.2439024,1.097561,0.35852957,0.314798,0.18344487,0.22631183,0.08163076,0.30485696,0.14262918,0.2413818,0.07829758,0.9919173,9.266199,0.9581857,9.089161
822861,2026-08-20,TEX,WSH,2,0,1.0,2,674841,594798,Globe Life Field,1.0,1.0,5.4,4.5692306,2.0769231,0.6,0.41538462,0.31826347,11.117647,7.9411764,3.1764705,1.2941177,0.05882353,0.35189524,0.26641563,0.10780415,0.2575714,0.0811466,0.29371673,0.13866864,0.24377282,0.074275956,0.9656762,8.892766,0.94365084,8.768248
823996,2026-08-02,LAA,MIL,3,0,1.0,3,694819,700712,Angel Stadium,1.0,1.0,7.3636365,5.869565,2.16,0.88235295,0.44680852,0.29907537,7.5520587,5.5864725,2.16,0.89275444,0.6368243,0.3137916,0.18041177,0.03125,0.38235295,0.05882353,0.25019443,0.15625,0.25,0.11111111,0.6393443,5.7540984,0.6393443,5.7540984
823914,2026-08-15,LAD,MIL,1,4,0.0,5,694819,680736,Dodger Stadium,1.0,1.0,2.8723404,10.914893,1.1489362,0.5106383,0.44680852,0.1980987,8.790698,4.395349,3.7674417,1.3255814,4.8139534,0.42816642,0.29776296,0.15202445,0.20575272,0.06442305,0.2829655,0.10833398,0.27950543,0.115411766,0.91542596,8.5257635,0.88642967,8.241232
823520,2026-08-03,NYY,STL,7,13,0.0,20,700241,693645,Yankee Stadium,1.0,1.0,7.3636365,5.869565,2.16,0.88235295,0.44680852,0.29907537,7.5520587,5.5864725,2.16,0.89275444,0.6368243,0.3137916,0.22876716,0.10427807,0.25735295,0.04248366,0.2797274,0.055555556,0.15587045,0.06477733,0.94280905,8.485281,0.8437629,7.8705277
824644,2026-08-15,CHC,STL,4,8,0.0,12,700241,571510,Wrigley Field,1.0,1.0,7.9772725,5.5227275,1.8409091,1.0227273,1.1590909,0.3590079,7.3636365,2.9454546,1.9636364,0.9818182,2.1272728,0.39107144,0.3258345,0.19040294,0.22925463,0.09785812,0.30168042,0.12450288,0.20502594,0.08840937,0.9085872,8.490667,0.9308922,8.634393
824474,2026-08-20,CIN,STL,9,10,0.0,19,700241,663903,Great American Ball Park,1.0,1.0,7.4347825,5.869565,1.9565217,0.95652175,1.0434783,0.3171607,8.653846,4.5,2.0769231,1.0384616,1.3076923,0.35355905,0.26265866,0.151964,0.28159326,0.079374716,0.31706324,0.15605028,0.20983747,0.091336355,0.8727098,8.177063,0.84823817,7.899916
