season,team,n,mean_age,mean_exp
2018,ARI,120,26.28661687388587,3.0
2019,ARI,101,26.106422413461612,3.0792079207920793
2020,ARI,7,27.612398552850298,4.285714285714286
2021,ARI,8,25.012320328542096,1.75
2022,ARI,12,27.14774616211988,2.3333333333333335
2023,ARI,13,29.20807665982204,2.6923076923076925
2024,ARI,11,25.40128181195943,2.3636363636363638
2025,ARI,6,25.890029660050192,1.5
2026,ARI,100,26.427422755964848,3.24
2018,ATL,97,26.8354893908282,3.1752577319587627
2019,ATL,102,26.7867692536058,3.405940594059406
2020,ATL,14,26.28512760340276,2.7142857142857144
2021,ATL,5,28.161533196440793,1.0
2022,ATL,11,26.887337440109512,2.272727272727273
2023,ATL,10,26.798083504449007,1.6
2024,ATL,21,25.819085701934508,2.0952380952380953
2025,ATL,10,27.231055050356897,2.3
2026,ATL,103,26.908790263009873,3.8446601941747574
2020,BAL,8,26.45516769336071,4.142857142857143
2021,BAL,2,,0.5
2022,BAL,11,28.09363449691992,2.272727272727273
2023,BAL,7,,0.2857142857142857
2024,BAL,9,25.419575633127995,1.0
2025,BAL,6,25.824321241159023,1.0
2026,BAL,98,26.517853068674423,3.0816326530612246
2018,BUF,94,26.36367784622405,3.265957446808511
2020,BUF,9,29.069282835196596,6.222222222222222
2021,BUF,2,29.540041067761805,5.0
2022,BUF,8,26.97604380561259,1.125
2023,BUF,9,26.772269482741763,3.0
2024,BUF,15,26.161441934747888,2.2666666666666666
2025,BUF,15,27.110198494182068,2.2666666666666666
2026,BUF,98,26.425015310349796,3.0918367346938775
2018,CAR,96,26.79190664596584,3.6145833333333335
2019,CAR,107,26.38522212444184,3.317757009345794
2020,CAR,12,28.41204654346338,5.166666666666667
2021,CAR,5,25.613963039014372,1.8
2022,CAR,12,25.684951598709297,1.6666666666666667
2023,CAR,13,27.601368925393565,2.1538461538461537
2024,CAR,22,26.184941820670776,2.409090909090909
2025,CAR,16,26.726508262442554,1.375
2026,CAR,101,26.465122898326793,3.1881188118811883
2019,CHI,91,26.131982660278346,2.7472527472527473
2020,CHI,7,26.92871809914931,3.4285714285714284
2021,CHI,5,26.522473191877708,2.0
2022,CHI,14,26.397672826830938,1.0714285714285714
2023,CHI,11,27.148528405201915,1.5454545454545454
2024,CHI,9,25.60042588790022,1.7777777777777777
2025,CHI,8,26.10306052605847,1.875
2026,CHI,101,26.749825427443493,3.386138613861386
2018,CIN,96,25.519907847949113,2.4479166666666665
2019,CIN,86,25.627208317146717,2.627906976744186
2020,CIN,10,26.720328542094457,3.6666666666666665
2021,CIN,2,27.756331279945243,2.5
2022,CIN,15,25.96714579055441,1.4
2023,CIN,10,,0.7
2024,CIN,15,25.117773214693134,1.1333333333333333
2025,CIN,13,26.248459958932237,1.5384615384615385
2026,CIN,91,26.594934976043806,3.197802197802198
2018,CLE,96,25.364516387103656,2.03125
2019,CLE,90,25.383792963030352,2.2444444444444445
2020,CLE,8,25.50752908966461,2.75
2021,CLE,1,,0.0
2022,CLE,12,25.711938985039602,1.5
2023,CLE,8,27.045402692219938,1.5
2024,CLE,15,25.685884273153267,2.0
2025,CLE,15,27.52087611225188,3.0
2026,CLE,102,25.812267469046702,2.607843137254902
2019,DAL,93,26.22407892562959,3.3118279569892475
2020,DAL,5,29.036550308008213,6.0
2021,DAL,3,26.368240930869266,2.0
2022,DAL,10,26.836413415468854,1.5
2023,DAL,6,27.616700889801507,1.1666666666666667
2024,DAL,15,25.81592516541182,2.6666666666666665
2025,DAL,5,28.332192562172025,3.6
2026,DAL,97,26.482061373488477,3.2783505154639174
2018,DEN,106,25.8957256484694,2.5754716981132075
2019,DEN,98,25.608020292305838,2.4693877551020407
2020,DEN,9,26.251730169594644,3.2222222222222223
2021,DEN,1,,0.0
2022,DEN,9,26.862422997946613,2.0
2023,DEN,10,26.648186173853524,1.9
2024,DEN,8,25.443629607900654,1.75
2025,DEN,6,25.682409308692677,1.5
2026,DEN,99,26.603863722080206,3.1515151515151514
2018,DET,97,26.29798083504449,3.2783505154639174
2019,DET,101,25.888582060783435,2.702970297029703
2020,DET,8,26.428815879534564,3.5714285714285716
2021,DET,6,25.334245950262375,1.6666666666666667
2022,DET,8,26.80082135523614,2.0
2023,DET,8,26.937713894592747,1.5
2024,DET,16,26.755738078941363,3.375
2025,DET,15,26.709559662331735,2.2
2026,DET,103,26.50342570191311,3.349514563106796
2018,GB,105,25.57609980710597,2.3047619047619046
2020,GB,5,27.033538672142367,3.8
2021,GB,3,26.684462696783022,1.0
2022,GB,20,26.278282976434927,1.3
2023,GB,13,27.041752224503764,0.7692307692307693
2024,GB,10,24.973305954825463,1.1
2025,GB,8,26.19028062970568,1.375
2026,GB,100,25.966559108242887,2.55
2020,HOU,5,26.45749486652977,3.4
2021,HOU,1,26.50239561943874,4.0
2022,HOU,6,28.715674195756332,3.6666666666666665
2023,HOU,6,29.609856262833674,3.3333333333333335
2024,HOU,4,25.745379876796715,3.0
2025,HOU,5,29.813141683778234,4.8
2026,HOU,99,26.66588442358463,3.4343434343434343
2019,IND,94,25.739972621492125,2.574468085106383
2020,IND,9,28.465434633812453,4.777777777777778
2021,IND,3,25.7741273100616,2.0
2022,IND,15,27.538945927446957,1.6
2023,IND,12,28.07300935432352,3.0
2024,IND,8,25.009484697369707,1.25
2025,IND,17,27.3493041295916,0.5882352941176471
2026,IND,98,26.44382819280679,3.0510204081632653
2018,JAX,105,25.796475812998423,2.673076923076923
2019,JAX,111,25.619200666607146,2.481818181818182
2020,JAX,8,27.65811088295688,4.875
2021,JAX,3,28.072553045859,2.6666666666666665
2022,JAX,17,26.341166628640963,1.7647058823529411
2023,JAX,8,26.439425051334702,0.625
2024,JAX,11,26.828473648186172,2.5454545454545454
2025,JAX,11,25.540041067761805,0.9090909090909091
2026,JAX,102,26.288678986995208,3.0392156862745097
2020,KC,4,30.262833675564682,7.75
2021,KC,2,26.105407255304584,1.5
2022,KC,15,25.718979172777942,1.4666666666666666
2023,KC,11,26.867442391056354,1.4545454545454546
2024,KC,13,25.29395040277997,0.9230769230769231
2025,KC,11,26.40246406570842,0.5454545454545454
2026,KC,95,25.809020344561436,2.5473684210526315
2019,LA,85,25.303291984285487,2.211764705882353
2020,LA,6,25.683321925621723,3.2
2021,LA,4,25.932922655715263,0.75
2022,LA,10,24.977412731006158,0.9
2023,LA,16,,0.1875
2024,LA,8,24.748117727583846,0.75
2025,LA,12,26.949577914670318,1.5
2026,LA,97,26.658914226016787,2.9690721649484537
2019,LAC,102,25.985733488368258,2.607843137254902
2020,LAC,11,26.618878725654906,3.272727272727273
2021,LAC,9,24.939630390143737,1.3333333333333333
2022,LAC,14,26.01368925393566,0.9285714285714286
2023,LAC,16,27.032854209445585,1.125
2024,LAC,22,25.307258563932074,1.4545454545454546
2025,LAC,12,26.571233010658062,2.25
2026,LAC,95,26.195756331279945,2.8526315789473684
2020,LV,9,27.469161152939385,4.444444444444445
2021,LV,2,26.872005475701574,2.5
2022,LV,7,26.66050650239562,2.2857142857142856
2023,LV,14,27.050878393794203,2.7857142857142856
2024,LV,14,25.73931749291092,1.5714285714285714
2025,LV,16,26.496919917864474,1.5625
2026,LV,99,26.347184882547612,2.797979797979798
2018,MIA,92,26.37234770704997,3.152173913043478
2019,MIA,112,25.230435774583615,2.392857142857143
2020,MIA,11,27.692365129736796,4.363636363636363
2021,MIA,10,25.48847821127082,1.1
2022,MIA,12,29.177960301163587,2.25
2023,MIA,14,26.890257814282453,1.7857142857142858
2024,MIA,16,26.079984355138357,2.1875
2025,MIA,10,26.424366872005475,2.7
2026,MIA,104,25.575836433746044,2.3461538461538463
2018,MIN,90,25.894555746711802,2.7111111111111112
2020,MIN,12,25.94312737228548,2.6363636363636362
2021,MIN,2,36.4517453798768,6.0
2022,MIN,6,27.22655715263518,3.0
2023,MIN,17,28.18069815195072,2.0
2024,MIN,10,24.63586584531143,0.7
2025,MIN,8,28.12594113620808,1.625
2026,MIN,103,26.327892200582138,2.854368932038835
2020,NE,7,26.707278120009125,2.857142857142857
2021,NE,1,27.756331279945243,7.0
2022,NE,5,28.303901437371664,2.0
2023,NE,7,26.507871321013006,1.2857142857142858
2024,NE,14,24.787132101300475,1.0
2025,NE,11,27.35843029888204,0.8181818181818182
2026,NE,97,26.172893865944097,2.7628865979381443
2020,NO,9,27.16461327857632,3.7777777777777777
2021,NO,6,27.75085557837098,1.8333333333333333
2022,NO,11,26.618754277891853,1.1818181818181819
2023,NO,10,27.568788501026695,1.2
2024,NO,16,26.929500342231346,2.625
2025,NO,13,26.82381930184805,1.2307692307692308
2026,NO,103,26.279910674161187,3.029126213592233
2018,NYG,95,25.947700029835552,3.031578947368421
2019,NYG,99,25.704724441915502,2.6666666666666665
2020,NYG,8,28.04688569472964,5.25
2021,NYG,12,28.45265799680584,4.416666666666667
2022,NYG,11,27.457123301065803,3.1818181818181817
2023,NYG,10,26.94136436230892,1.7
2024,NYG,14,25.438349467096902,2.142857142857143
2025,NYG,9,26.79671457905544,1.5555555555555556
2026,NYG,101,26.875421012327106,3.900990099009901
2018,NYJ,99,25.895722108145105,2.757575757575758
2019,NYJ,109,26.255552157513797,2.908256880733945
2020,NYJ,12,29.602099018936798,6.909090909090909
2021,NYJ,2,26.422997946611908,3.0
2022,NYJ,1,,0.0
2023,NYJ,8,28.82591832078485,2.125
2024,NYJ,16,25.55657347443795,1.3125
2025,NYJ,9,24.987679671457904,1.2222222222222223
2026,NYJ,101,25.999433071301656,2.722772277227723
2018,OAK,101,26.77553468841566,3.5346534653465347
2019,OAK,96,25.963070849847988,2.8645833333333335
2020,PHI,3,29.420031941592516,6.333333333333333
2021,PHI,3,27.263518138261464,1.3333333333333333
2022,PHI,5,28.722792607802873,2.4
2023,PHI,7,26.537987679671456,1.0
2024,PHI,4,26.093771389459274,2.25
2025,PHI,9,24.41409993155373,0.5555555555555556
2026,PHI,103,26.453785347129955,3.3009708737864076
2018,PIT,95,25.958274442874032,2.789473684210526
2019,PIT,102,25.621524722140737,2.5098039215686274
2020,PIT,9,26.032511978097194,2.5555555555555554
2021,PIT,7,27.272416153319643,1.8571428571428572
2022,PIT,19,27.831817737361884,2.0526315789473686
2023,PIT,16,26.631987223362994,1.8125
2024,PIT,20,25.7119780971937,2.15
2025,PIT,8,27.177732146931323,3.125
2026,PIT,102,26.950435221482447,3.5294117647058822
2020,SEA,10,28.39644079397673,6.0
2021,SEA,5,24.49555099247091,0.8
2022,SEA,15,26.439425051334702,1.1333333333333333
2023,SEA,13,25.979466119096507,0.7692307692307693
2024,SEA,20,24.428554173209324,0.55
2025,SEA,4,,0.0
2026,SEA,102,26.488276898712943,3.0686274509803924
2018,SF,90,25.61241633110216,2.566666666666667
2020,SF,7,29.363840813532807,5.714285714285714
2021,SF,1,25.366187542778917,2.0
2022,SF,10,28.900296600501935,3.5
2023,SF,7,27.085557837097877,4.285714285714286
2024,SF,10,28.94811772758385,5.0
2025,SF,7,26.659365731234313,2.5714285714285716
2026,SF,99,27.417031367750056,4.171717171717172
2018,TB,109,25.873094393628275,2.614678899082569
2019,TB,101,25.640074023373135,2.5841584158415842
2020,TB,7,28.95355431700401,5.142857142857143
2021,TB,5,27.90326260552133,3.6
2022,TB,15,27.85626283367556,2.3333333333333335
2023,TB,12,26.85375313712069,1.25
2024,TB,19,25.660290356280846,1.3157894736842106
2025,TB,12,26.236824093086927,1.3333333333333333
2026,TB,99,26.404087018494607,2.8686868686868685
2018,TEN,102,26.166079380772512,3.0
2020,TEN,13,28.690359606170695,6.083333333333333
2021,TEN,6,26.50075290896646,2.5
2022,TEN,11,25.973990417522245,1.5454545454545454
2023,TEN,9,27.780971937029435,2.0
2024,TEN,14,25.67514347391144,1.7857142857142858
2025,TEN,14,27.13702943189596,2.5
2026,TEN,103,26.348859115891056,3.2135922330097086
2018,WAS,110,26.082974542403566,2.8
2019,WAS,111,26.13776632152271,2.90990990990991
2020,WAS,11,29.253661875427788,5.545454545454546
2021,WAS,3,25.860825918320785,2.0
2022,WAS,18,26.788501026694046,1.5
2023,WAS,11,27.312799452429843,1.7272727272727273
2024,WAS,15,27.199087383070953,3.466666666666667
2025,WAS,10,27.996714579055443,5.0
2026,WAS,102,27.7270201715183,4.519607843137255
