game_pk,innings,home_score,away_score
778485,9,7,0
778486,9,1,4
778487,9,3,1
778488,9,5,0
778489,9,1,3
778490,9,3,8
778491,9,5,3
778492,9,5,7
778493,9,7,0
778494,9,4,7
778495,11,7,9
778497,9,4,2
778498,9,0,1
778469,9,3,2
778471,9,2,10
778472,9,6,5
778473,9,12,5
778474,9,1,6
778475,9,3,6
778476,9,5,2
778477,11,3,2
778478,9,4,2
778479,9,2,4
778480,9,0,1
778481,11,5,6
778482,9,5,1
778483,9,0,3
778484,9,3,4
778462,9,2,5
778466,9,9,7
778467,9,3,1
778468,9,1,0
778470,9,4,8
778444,11,10,9
778447,9,6,8
778453,9,3,2
778454,9,5,2
778455,9,8,2
778456,11,3,6
778457,9,4,6
778458,9,7,4
778459,9,3,2
778460,9,3,1
778461,9,4,9
778463,9,13,9
778464,9,10,0
778465,9,5,0
778436,9,4,1
778437,9,10,4
778438,9,6,4
778439,9,7,11
778440,9,6,1
778441,9,1,8
778442,9,4,7
778445,9,7,2
778446,9,3,2
778448,9,1,3
778449,9,4,10
778450,9,7,1
778451,9,0,4
778452,9,4,3
778419,10,7,9
778420,9,4,3
778421,9,8,2
778422,9,4,1
778423,9,12,5
778425,9,6,2
778427,9,5,4
778428,11,5,4
778429,9,5,4
778430,9,7,8
778432,9,18,7
778433,9,4,3
778434,9,8,7
778435,9,2,1
778443,10,5,4
778405,9,4,3
778410,9,0,2
778411,9,7,0
778412,9,4,2
778413,9,1,5
778414,9,4,5
778415,9,8,4
778416,9,2,0
778418,9,6,4
778424,9,6,2
778426,9,2,6
778394,9,1,7
778395,9,10,4
778396,9,4,3
778397,9,0,1
778398,12,1,2
778400,9,2,1
778401,9,10,6
778402,9,1,0
778403,9,5,0
778404,9,1,6
778406,9,7,5
778407,9,10,5
778408,9,3,5
778409,9,8,2
778417,9,3,4
778376,10,8,6
778379,9,2,17
778380,9,9,0
778381,9,1,2
778383,9,7,6
778385,9,2,6
778386,11,1,2
778387,9,3,4
778388,9,0,4
778389,13,2,1
778390,9,0,5
778391,9,3,2
778392,9,5,6
778393,9,3,4
778399,9,5,4
778371,9,7,2
778373,9,3,2
778377,10,4,3
778378,9,6,1
778382,9,1,11
778384,11,4,2
778356,9,3,0
778358,9,6,7
778360,9,5,3
778361,9,8,0
778363,9,6,7
778364,9,0,7
778365,9,2,0
778366,9,11,1
778367,9,6,3
778368,9,14,3
778369,9,4,7
778370,6,1,9
778374,9,5,3
778375,9,7,0
778341,9,9,2
778345,9,0,16
778346,9,3,1
778347,9,1,4
778348,9,0,4
778349,9,3,2
778350,9,5,4
778351,9,1,4
778352,9,2,0
778353,9,4,5
778354,9,7,6
778355,9,8,4
778357,9,5,2
778359,9,6,3
778362,9,5,4
778329,9,7,3
778330,9,6,0
778331,9,2,4
778332,9,5,2
778333,9,0,8
778334,9,3,1
778335,9,5,1
778336,9,7,0
778337,9,11,4
778338,9,1,3
778339,9,4,5
778340,9,8,3
778342,9,2,4
778343,9,4,0
778344,10,6,7
778315,9,10,4
778320,9,4,10
778321,9,10,3
778322,9,4,8
778323,9,1,9
778324,9,1,5
778325,9,8,3
778326,9,5,3
778327,9,4,1
778328,9,16,1
778302,9,6,2
778305,10,1,2
778306,9,4,0
778307,9,6,3
778308,9,0,2
778309,9,3,12
778310,9,5,0
778311,9,6,3
778312,9,4,2
778313,9,6,4
778314,9,0,3
778316,9,8,4
778317,9,3,6
778318,9,4,10
778319,9,4,7
778287,9,8,7
778288,9,4,2
778289,9,3,1
778290,9,4,1
778293,9,6,1
778294,9,1,3
778295,9,5,1
778296,9,4,11
778297,9,3,1
778298,9,0,1
778299,10,4,3
778300,9,4,3
778301,9,9,1
778303,9,2,6
778304,9,3,5
778278,9,4,1
778279,9,6,4
778280,9,1,0
778281,9,5,3
778282,9,3,6
778283,9,0,8
778285,10,7,11
778286,9,6,1
778291,9,4,6
778292,9,6,2
778260,9,2,0
778261,9,5,3
778263,9,0,3
778268,9,13,11
778269,9,6,4
778270,9,5,4
778271,9,7,10
778272,9,0,1
778273,9,3,1
778274,9,7,2
778275,9,10,3
778276,9,3,8
778277,9,7,3
778284,9,6,4
778243,9,2,3
778247,9,11,12
778251,9,4,3
778252,9,11,10
778253,9,1,3
778254,9,0,3
778255,10,10,8
778256,9,3,0
778257,9,6,2
778258,12,4,8
778259,9,3,2
778262,9,9,5
778264,10,4,3
778265,9,3,1
778267,9,4,3
778232,9,5,4
778234,9,0,1
778235,9,2,3
778236,11,2,3
778237,9,2,3
778239,9,14,1
778240,9,0,4
778241,9,3,8
778242,10,4,5
778244,9,7,4
778245,9,4,8
778246,10,3,4
778248,10,5,7
778249,9,6,2
778250,9,2,24
778266,9,3,1
778225,9,5,4
778226,9,5,2
778227,9,6,4
778228,9,6,4
778230,9,6,3
778231,9,7,0
778233,9,7,6
778238,9,4,2
778210,9,3,11
778211,9,3,9
778212,9,5,1
778213,9,5,8
778215,11,4,3
778216,9,4,2
778217,9,5,1
778218,9,3,2
778219,9,4,3
778220,10,11,10
778221,9,0,2
778222,9,7,0
778223,9,5,1
778224,9,8,3
778229,9,4,10
778197,9,5,2
778198,9,4,2
778199,11,6,7
778200,9,3,1
778201,9,6,3
778202,9,0,3
778203,10,4,3
778204,9,4,3
778205,9,7,6
778206,9,1,5
778207,9,5,8
778208,9,2,5
778209,9,6,0
778214,9,4,1
778188,10,4,7
778189,7,0,3
778190,9,7,4
778191,9,4,3
778192,9,4,3
778193,9,1,2
778194,9,6,5
778195,9,6,2
778196,9,3,4
778171,9,0,2
778172,9,0,1
778175,9,4,8
778176,9,0,3
778177,9,2,8
778178,9,6,5
778181,9,7,8
778182,9,4,0
778183,9,5,4
778184,9,3,2
778185,9,2,4
778186,9,11,4
778187,9,2,0
778154,9,14,0
778159,9,3,2
778160,9,1,4
778161,9,4,6
778162,10,7,8
778163,9,8,4
778164,9,6,5
778165,9,3,10
778166,9,5,1
778167,9,2,0
778168,9,4,3
778169,9,3,7
778173,9,0,2
778174,9,4,10
778179,9,5,4
778180,9,6,2
778136,9,7,6
778144,9,5,0
778145,9,9,2
778146,9,2,4
778147,9,6,4
778148,9,1,8
778149,10,3,2
778150,9,1,7
778151,9,3,2
778152,9,3,7
778153,9,8,7
778155,9,7,0
778156,9,11,2
778157,9,3,13
778158,10,1,3
778170,9,5,1
778132,10,7,6
778137,9,3,6
778138,9,5,19
778139,9,1,11
778140,9,4,3
778141,9,3,1
778142,9,8,5
778143,9,1,2
778120,9,2,8
778121,9,5,3
778122,9,15,2
778123,9,15,2
778124,9,6,4
778125,9,2,7
778126,9,7,4
778127,9,2,10
778128,9,1,3
778129,9,2,1
778130,9,8,3
778131,9,7,6
778133,9,3,15
778135,9,0,9
778102,9,2,1
778104,9,9,3
778105,9,5,3
778106,9,1,7
778109,9,12,7
778110,9,4,7
778111,9,4,6
778112,9,4,3
778113,9,0,3
778114,10,7,6
778115,9,5,4
778116,9,4,2
778117,9,3,4
778118,9,7,2
778119,9,1,9
778134,9,0,6
778094,9,8,0
778095,9,4,2
778096,9,0,3
778097,9,2,8
778098,9,3,4
778099,9,2,4
778100,9,3,8
778101,9,4,10
778103,9,2,4
778107,9,9,1
778108,10,4,3
778079,9,7,3
778080,9,0,10
778081,9,5,3
778082,9,4,0
778083,9,1,13
778084,9,3,9
778085,9,1,9
778086,9,3,2
778087,9,6,1
778088,9,3,0
778089,9,6,1
778090,9,4,9
778091,9,1,6
778092,9,1,2
778093,9,3,0
778064,9,3,5
778065,9,1,2
778066,9,3,8
778067,9,5,2
778069,9,6,3
778070,9,1,2
778071,9,2,6
778072,9,0,4
778073,9,3,4
778074,9,2,3
778075,9,9,6
778076,9,3,10
778077,9,6,11
778078,9,7,2
778048,9,9,3
778050,9,1,13
778051,9,0,4
778052,9,8,1
778053,9,6,5
778054,9,4,0
778055,7,5,4
778056,9,4,5
778057,9,5,7
778058,9,1,4
778059,10,9,11
778060,9,4,3
778061,9,2,3
778062,9,6,11
778063,9,4,5
778068,9,5,4
778036,9,6,3
778038,11,7,6
778039,9,4,5
778042,9,5,1
778043,9,3,0
778044,9,9,2
778045,9,3,4
778047,9,4,7
778049,9,4,0
778024,9,3,5
778025,9,8,3
778026,9,10,9
778027,11,5,14
778028,9,9,1
778030,9,2,1
778031,9,4,3
778032,9,5,1
778033,9,4,3
778034,10,2,1
778035,10,5,4
778037,9,1,6
778040,9,4,8
778041,9,12,3
778046,9,1,9
778009,9,5,4
778010,9,5,6
778011,9,5,2
778012,9,2,1
778013,10,6,8
778014,9,1,7
778015,9,1,9
778016,9,5,0
778017,9,1,10
778018,9,6,4
778019,10,4,3
778020,9,1,3
778021,9,0,7
778022,9,6,8
778023,9,3,4
777999,9,5,3
778000,9,5,8
778003,11,5,4
778004,9,2,10
778005,10,6,7
778006,9,5,0
778007,9,5,2
778008,9,10,0
778029,9,1,11
777984,9,3,6
777986,9,1,4
777988,9,11,14
777989,9,3,0
777990,12,2,1
777991,9,6,2
777992,9,3,1
777993,9,9,13
777994,9,2,10
777995,9,0,10
777996,9,2,1
777997,9,6,0
777998,9,3,2
778001,9,7,2
778002,9,4,3
777970,9,3,6
777972,9,11,7
777973,9,5,2
777974,9,2,1
777975,9,3,0
777976,9,0,21
777977,9,1,10
777978,9,1,3
777979,9,9,13
777980,9,2,4
777981,9,3,2
777982,9,5,6
777983,9,1,7
777985,11,2,3
777987,9,3,10
777954,9,1,8
777955,9,9,3
777956,10,7,6
777957,9,2,12
777958,9,1,9
777961,9,3,7
777962,9,1,6
777963,9,6,0
777964,9,2,4
777965,9,1,3
777966,9,4,2
777967,9,4,3
777968,9,6,2
777969,9,1,6
777971,9,0,3
777939,9,1,2
777941,9,5,11
777947,9,5,9
777948,9,5,7
777949,9,2,1
777950,9,4,3
777951,9,14,2
777952,9,5,2
777953,9,2,3
777959,9,4,3
777960,9,5,0
777926,11,2,1
777930,9,10,6
777931,9,2,1
777932,9,6,4
777934,9,4,1
777935,9,9,11
777936,9,5,4
777937,9,1,11
777940,11,10,9
777942,9,5,2
777943,9,2,1
777944,9,2,0
777945,10,1,5
777914,9,5,1
777915,9,2,3
777916,9,7,8
777917,9,9,3
777918,9,8,3
777919,9,0,4
777920,9,4,3
777921,9,1,3
777922,9,2,1
777923,9,3,1
777924,9,3,6
777925,9,5,9
777927,9,6,5
777928,9,2,4
777929,9,4,5
777933,9,7,14
777938,9,6,8
777909,9,5,2
777910,9,1,0
777911,9,0,4
777912,9,7,1
777913,9,3,8
777946,9,19,2
777891,9,9,1
777895,9,3,6
777896,9,1,5
777897,9,8,0
777898,9,0,3
777899,9,2,6
777900,9,13,3
777901,9,3,10
777902,9,5,4
777903,9,9,4
777904,9,6,2
777905,9,8,4
777906,9,4,5
777907,9,3,4
777908,9,2,4
777875,9,1,4
777879,10,1,0
777881,9,7,3
777882,9,5,1
777883,9,0,7
777884,9,9,11
777885,9,0,1
777886,9,2,1
777887,9,12,14
777888,9,2,3
777889,9,0,4
777890,9,6,10
777892,9,4,1
777893,9,7,6
777894,9,5,2
777864,9,2,1
777865,9,5,2
777866,9,4,6
777867,9,3,2
777868,9,1,6
777869,9,3,4
777870,9,1,0
777871,9,2,3
777872,9,6,2
777873,9,4,10
777874,9,3,1
777876,9,4,10
777877,9,5,1
777878,9,8,2
777880,9,1,0
777852,9,3,9
777853,9,3,4
777854,9,5,9
777855,9,1,3
777856,9,3,1
777857,9,1,5
777858,9,3,4
777859,9,1,7
777860,9,5,4
777861,9,6,5
777862,9,11,4
777863,9,8,7
777836,9,3,2
777838,10,4,3
777840,9,4,5
777841,9,5,3
777842,9,4,7
777843,9,5,7
777844,9,5,2
777845,9,3,0
777846,9,1,0
777847,9,1,0
777848,9,3,2
777849,9,5,2
777850,9,1,14
777851,9,2,0
777819,9,4,8
777823,9,5,9
777824,9,3,1
777826,11,4,8
777827,9,1,5
777828,9,5,10
777829,9,1,5
777830,9,5,6
777831,9,1,5
777832,9,8,4
777833,9,1,2
777834,9,3,1
777835,9,4,3
777837,9,14,0
777812,9,5,10
777814,9,5,8
777816,11,7,6
777817,9,0,2
777818,9,1,0
777820,10,8,7
777821,9,0,7
777822,9,9,2
777797,9,4,3
777798,9,7,4
777799,9,3,1
777800,9,3,5
777801,9,0,4
777802,9,3,2
777804,9,3,4
777805,9,4,1
777806,10,6,5
777807,9,1,3
777808,13,5,7
777810,9,3,1
777811,9,6,13
777813,9,1,2
777815,9,19,5
777781,9,2,6
777782,9,1,13
777784,11,6,9
777786,9,6,5
777787,9,2,1
777788,9,5,4
777789,9,5,2
777790,9,1,2
777791,9,6,4
777792,9,10,5
777793,9,3,0
777794,9,2,1
777795,9,3,1
777796,10,5,7
777803,9,7,1
777809,10,6,5
777765,9,5,4
777766,9,4,3
777767,9,0,3
777768,9,4,5
777772,10,1,2
777773,9,3,1
777774,9,5,3
777775,9,13,0
777776,9,5,6
777777,9,4,5
777778,9,2,3
777779,9,8,11
777780,9,5,0
777783,9,3,5
777785,9,1,5
777756,11,4,3
777757,9,3,1
777758,9,2,1
777759,9,1,2
777760,9,4,7
777761,9,5,0
777762,9,7,2
777763,9,1,5
777764,9,3,2
777769,9,2,7
777770,9,3,1
777771,9,5,2
777741,9,2,0
777742,9,8,6
777743,9,9,1
777744,9,6,9
777745,9,2,3
777746,9,2,4
777747,10,5,1
777748,9,2,0
777749,9,6,4
777750,9,2,7
777751,11,4,3
777752,9,11,1
777753,9,5,9
777754,9,4,7
777755,9,3,1
777724,9,0,2
777726,9,8,10
777728,9,0,1
777729,9,1,10
777730,9,0,9
777731,9,2,1
777732,9,5,0
777733,9,3,2
777734,9,5,3
777736,10,6,5
777737,9,4,9
777738,9,4,3
777739,9,7,4
777740,9,4,6
777722,10,3,9
777723,9,3,9
777725,9,3,13
777727,9,12,0
777735,9,5,4
777707,9,3,2
777708,9,8,5
777709,9,11,1
777710,9,7,9
777711,9,5,7
777712,9,2,6
777713,10,6,12
777714,9,2,1
777715,9,2,6
777716,9,11,7
777717,9,0,2
777718,9,4,2
777719,9,1,5
777720,9,2,1
777721,9,1,4
777691,9,0,5
777693,9,3,16
777694,9,1,0
777695,11,5,4
777696,9,7,11
777697,9,0,2
777698,9,18,2
777699,9,4,2
777700,9,8,2
777701,9,8,7
777702,9,7,17
777703,9,7,5
777704,9,2,0
777705,9,1,0
777706,9,5,0
777677,9,0,1
777678,9,8,1
777679,9,3,1
777680,9,2,1
777681,9,6,4
777682,9,3,7
777683,9,4,2
777684,9,3,2
777685,9,8,4
777686,9,5,3
777687,9,7,3
777688,9,2,5
777689,9,2,4
777690,9,1,0
777692,9,1,3
777669,9,4,10
777670,9,6,7
777671,9,2,3
777673,9,4,6
777674,9,1,13
777675,10,3,4
777676,10,0,1
777655,9,1,5
777656,10,2,3
777657,10,6,5
777658,9,3,10
777659,9,3,8
777660,9,7,10
777661,9,8,1
777662,9,5,1
777663,9,0,3
777664,9,3,2
777665,9,3,8
777666,9,2,3
777667,10,3,4
777668,9,4,2
777672,9,3,8
777638,9,1,6
777639,9,4,5
777641,9,6,5
777643,9,1,6
777645,9,2,3
777646,9,5,4
777647,9,1,9
777648,9,3,0
777649,9,11,9
777650,9,2,0
777651,9,2,1
777652,9,2,3
777653,9,0,4
777654,9,1,2
777628,9,3,4
777629,9,4,3
777630,9,2,8
777631,9,6,5
777632,9,1,7
777633,9,3,2
777634,10,3,2
777635,9,5,7
777636,9,14,3
777637,9,9,1
777640,9,10,11
777642,10,6,5
777644,9,4,0
777613,9,5,4
777614,9,5,4
777615,9,4,6
777616,9,2,4
777617,9,0,2
777618,9,7,2
777619,10,5,4
777620,9,5,0
777621,9,5,4
777622,9,2,4
777623,10,4,3
777624,9,2,0
777625,9,4,3
777626,9,3,1
777627,9,9,6
777597,9,4,3
777598,9,3,2
777599,9,4,7
777600,9,4,5
777601,9,2,1
777603,9,8,6
777604,9,1,8
777605,9,7,10
777606,9,4,1
777607,9,2,1
777608,10,3,5
777609,9,1,6
777610,9,0,5
777611,10,10,11
777612,9,13,1
777582,9,3,7
777583,9,5,13
777585,9,6,3
777586,9,0,1
777587,9,4,3
777588,9,5,1
777589,9,2,3
777590,9,5,7
777591,9,4,2
777592,9,3,2
777593,9,7,11
777594,9,4,0
777595,9,2,1
777596,9,2,4
777602,9,4,2
777574,9,10,3
777575,9,1,7
777576,9,7,4
777577,11,8,4
777578,11,4,3
777579,10,7,8
777580,9,4,7
777581,10,4,5
777584,11,8,10
777557,9,4,16
777558,9,9,10
777559,9,10,3
777560,9,11,1
777563,9,5,6
777564,10,2,1
777565,9,3,1
777566,9,2,3
777567,9,2,4
777568,9,4,1
777569,9,0,1
777570,10,5,4
777571,9,4,8
777572,9,2,10
777573,9,3,5
777542,9,6,5
777543,9,2,5
777545,9,2,5
777547,9,7,10
777548,9,5,2
777549,9,11,2
777550,9,10,2
777551,9,3,6
777552,9,5,2
777553,9,7,2
777554,9,2,6
777555,9,5,0
777556,9,6,2
777561,9,4,3
777562,9,10,1
777532,9,6,0
777533,9,3,16
777534,9,8,7
777536,9,0,1
777540,9,1,4
777541,9,3,2
777544,9,4,3
777546,9,4,3
777520,9,7,2
777521,9,5,1
777522,9,2,6
777524,9,3,1
777525,9,3,2
777526,10,1,2
777527,9,10,3
777528,9,5,7
777529,9,4,6
777530,9,9,11
777531,9,8,0
777535,9,12,4
777537,10,2,1
777538,9,11,5
777539,9,2,0
777506,9,11,5
777507,9,4,3
777508,11,5,4
777509,9,3,2
777510,9,3,2
777511,9,0,4
777512,9,5,8
777513,9,2,1
777514,9,3,4
777515,9,8,7
777516,9,4,3
777517,9,1,11
777518,9,4,8
777519,9,6,5
777523,9,4,1
777491,9,2,8
777492,9,3,2
777493,9,2,1
777494,10,2,1
777495,9,6,0
777496,9,2,3
777497,10,3,2
777498,9,5,4
777499,9,11,4
777500,9,2,0
777501,9,11,2
777502,9,0,9
777503,9,1,3
777504,9,1,10
777505,9,4,8
777483,9,2,5
777484,9,7,1
777485,9,3,1
777486,9,0,2
777487,11,0,1
777488,9,4,6
777490,9,6,3
777467,9,2,12
777468,9,1,6
777469,9,3,13
777471,9,8,6
777472,9,2,3
777473,9,8,0
777475,9,7,3
777476,9,0,4
777477,9,1,5
777478,9,6,5
777479,9,5,4
777480,9,6,10
777481,9,8,3
777482,9,5,3
777489,10,5,4
777453,9,1,3
777454,9,2,4
777456,9,4,11
777457,9,4,3
777460,9,3,6
777461,9,1,3
777462,9,8,1
777463,9,12,8
777465,9,2,4
777466,9,2,3
777470,9,5,0
777474,6,4,2
777440,9,2,1
777441,10,6,4
777442,9,3,5
777443,9,1,4
777444,9,1,2
777445,11,4,3
777446,9,1,4
777447,9,4,5
777448,9,5,9
777449,9,7,3
777450,9,7,8
777451,9,9,2
777452,9,5,12
777455,9,7,1
777458,10,6,8
777464,10,4,8
777425,9,5,7
777426,9,5,6
777427,9,6,5
777428,10,2,3
777429,9,5,1
777430,9,8,14
777431,9,14,8
777432,9,2,6
777433,9,6,1
777434,9,6,17
777435,9,1,7
777436,9,4,9
777437,9,10,2
777438,9,3,5
777439,9,6,2
777410,9,3,5
777411,9,2,4
777412,9,0,9
777413,9,5,1
777414,9,9,1
777415,11,6,5
777416,9,3,7
777417,9,3,2
777418,9,7,1
777419,9,10,7
777420,9,8,3
777421,9,2,3
777422,9,9,0
777423,9,4,11
777424,9,0,7
777395,9,9,5
777396,9,3,2
777397,9,7,8
777398,9,13,7
777399,9,4,2
777400,9,0,3
777401,9,8,9
777402,9,5,3
777403,9,6,14
777404,9,8,3
777405,9,7,1
777406,9,4,2
777407,9,1,4
777408,9,2,4
777409,9,3,9
777381,9,9,5
777382,9,6,10
777388,9,2,11
777389,9,2,3
777390,9,6,1
777391,9,4,5
777392,9,8,2
777393,9,0,10
777394,9,6,0
777364,9,2,4
777372,9,4,3
777373,9,8,7
777374,9,9,3
777375,9,5,6
777376,10,3,2
777377,9,1,0
777378,9,1,5
777379,9,7,9
777380,10,5,6
777383,9,1,4
777384,9,6,10
777385,11,5,4
777386,9,11,4
777387,9,4,7
777355,10,5,8
777357,9,0,8
777358,9,1,8
777359,9,0,3
777360,9,1,0
777361,9,4,2
777362,9,5,2
777363,9,2,0
777365,9,0,7
777366,9,2,0
777367,9,1,7
777368,10,5,4
777369,9,7,3
777370,9,7,3
777371,9,0,3
777344,9,1,3
777347,9,5,12
777348,9,0,3
777350,9,2,1
777351,9,8,0
777352,9,4,0
777353,9,0,4
777354,9,0,6
777356,9,10,1
777331,9,9,15
777332,9,8,9
777334,9,1,4
777335,9,4,5
777336,9,7,4
777337,9,3,0
777338,9,1,3
777339,9,10,6
777340,12,6,7
777341,9,9,1
777342,9,0,13
777343,9,22,8
777345,9,0,9
777346,9,8,1
777349,9,0,5
777315,9,8,2
777318,10,7,8
777319,9,9,5
777320,9,3,12
777321,9,5,0
777322,10,3,2
777323,9,15,1
777324,9,10,5
777325,9,9,2
777326,9,0,7
777327,9,1,0
777328,9,4,6
777329,9,6,9
777330,9,3,11
777333,9,6,1
777301,11,3,4
777302,12,4,6
777303,9,4,6
777304,9,1,5
777305,11,4,7
777307,9,12,5
777308,9,2,0
777309,9,0,7
777310,9,3,5
777311,9,5,2
777312,9,3,2
777313,9,12,1
777314,9,3,0
777316,9,1,2
777317,9,5,1
777291,9,4,2
777292,11,6,10
777295,9,5,4
777296,9,4,6
777297,9,6,2
777299,9,7,0
777300,9,13,6
777306,9,4,0
777278,9,8,2
777280,9,6,1
777281,9,3,6
777282,9,10,2
777283,9,12,5
777285,9,5,6
777286,10,3,4
777287,9,5,2
777288,9,1,0
777293,9,2,0
777294,9,5,3
777298,9,0,4
777262,9,3,2
777265,9,9,4
777266,9,5,4
777267,9,5,4
777268,9,6,0
777269,9,3,5
777270,10,5,6
777271,9,6,5
777272,9,5,0
777273,9,4,6
777274,9,11,9
777275,9,1,2
777276,9,7,3
777277,9,4,8
777279,9,8,3
777284,9,2,11
777289,9,2,7
777290,9,5,1
777251,9,2,3
777253,9,6,2
777256,9,2,7
777257,9,3,2
777258,9,11,7
777259,10,1,0
777260,9,8,5
777261,9,1,5
777263,9,4,1
777264,9,7,6
777235,9,1,18
777236,9,6,0
777239,10,3,2
777242,10,4,3
777243,9,2,3
777244,9,11,2
777245,9,2,11
777246,9,11,3
777247,9,4,3
777248,9,3,9
777249,9,1,2
777250,9,6,5
777252,9,2,3
777254,9,5,6
777255,9,6,9
777221,9,4,6
777223,9,4,7
777225,9,1,0
777227,9,2,7
777228,9,3,10
777229,9,6,8
777230,9,6,5
777231,11,4,3
777232,9,3,10
777233,9,5,1
777234,9,7,1
777237,10,6,9
777238,9,4,2
777240,9,0,1
777241,9,12,6
777205,9,1,0
777206,9,1,5
777207,9,4,1
777210,9,2,6
777213,9,4,6
777214,9,3,2
777215,9,6,4
777216,9,4,6
777217,9,3,1
777218,9,0,4
777219,9,11,0
777220,10,5,7
777222,9,1,2
777224,9,1,3
777226,10,2,7
777199,9,3,1
777200,9,6,5
777201,9,9,1
777202,9,5,7
777203,9,3,6
777204,9,9,3
777208,9,1,5
777209,9,9,3
777211,9,5,1
777212,9,4,8
777180,9,1,13
777185,9,1,0
777186,9,4,3
777187,9,10,3
777188,7,1,6
777189,9,10,1
777190,9,8,1
777191,9,4,2
777192,10,6,10
777193,9,3,1
777194,9,4,3
777195,9,4,2
777196,9,10,2
777197,9,2,12
777198,10,6,7
777162,9,2,8
777163,9,0,13
777171,9,11,8
777172,9,2,1
777173,9,4,2
777174,9,2,4
777175,10,3,2
777176,9,2,9
777177,9,4,3
777178,9,2,8
777179,9,10,2
777182,9,3,7
777183,9,7,2
777184,9,9,6
777156,11,5,4
777158,9,4,3
777159,9,4,11
777165,9,3,1
777166,9,1,8
777167,9,8,1
777168,9,6,0
777169,10,6,5
777170,9,4,3
777181,9,7,3
777139,9,4,2
777143,9,8,7
777146,11,5,4
777147,9,5,6
777148,9,2,1
777149,9,8,3
777150,9,6,5
777151,9,3,8
777152,9,6,7
777153,9,11,0
777154,9,3,7
777155,9,5,4
777157,9,5,2
777160,9,2,3
777161,9,3,12
777164,9,2,4
777126,9,5,4
777127,9,1,2
777131,9,10,5
777132,9,4,3
777133,9,6,7
777134,9,12,4
777135,9,6,5
777136,9,1,3
777137,11,5,4
777138,9,2,6
777140,9,4,3
777141,9,0,6
777142,9,2,5
777144,9,1,0
777145,9,7,15
777113,9,1,2
777115,9,1,5
777116,9,6,3
777117,9,1,2
777118,9,5,4
777119,11,2,5
777120,10,5,6
777121,9,4,8
777122,9,1,4
777123,9,8,1
777124,9,3,2
777125,9,1,5
777128,9,4,2
777129,9,1,11
777130,9,4,1
777098,9,2,0
777099,9,6,1
777100,9,7,3
777101,9,4,1
777102,9,6,4
777103,9,0,2
777105,9,8,6
777106,9,5,6
777107,9,1,10
777108,9,4,0
777109,10,8,7
777110,9,11,1
777111,9,4,8
777112,9,2,7
777114,9,7,3
777080,9,10,6
777081,9,10,1
777085,9,7,8
777086,11,7,6
777088,9,4,1
777089,9,9,5
777090,9,4,10
777091,9,4,2
777092,9,2,5
777093,9,3,1
777094,9,6,3
777095,9,4,3
777096,9,6,0
777097,9,9,12
777104,9,2,8
777067,9,3,11
777070,9,5,6
777071,9,5,3
777072,9,1,7
777073,9,1,2
777074,9,2,7
777075,9,1,6
777076,9,3,5
777077,9,1,8
777078,9,2,8
777079,9,8,6
777082,9,4,7
777083,9,2,4
777084,9,8,2
777087,9,3,2
777050,9,0,6
777051,9,5,2
777053,9,2,6
777055,9,3,6
777057,9,7,2
777059,9,3,8
777060,9,3,0
777061,9,7,5
777062,9,1,2
777063,10,3,2
777064,9,10,8
777065,9,4,12
777066,9,4,1
777068,9,10,5
777069,9,9,5
777035,9,1,0
777039,9,7,10
777040,9,1,3
777042,9,6,1
777043,9,6,2
777044,9,8,5
777045,9,4,1
777046,9,4,5
777047,9,6,0
777048,9,4,3
777049,9,8,4
777052,9,4,3
777054,9,3,2
777056,9,6,3
777058,9,0,9
777022,9,4,3
777024,9,2,10
777026,9,0,5
777027,9,8,4
777028,9,6,0
777029,9,6,1
777030,9,9,11
777031,9,4,8
777032,9,3,4
777033,9,2,1
777034,9,6,3
777036,9,3,2
777037,9,3,2
777038,11,8,9
777041,9,3,9
777018,9,2,4
777019,9,3,4
777021,9,4,11
777023,9,9,7
777025,9,2,5
777004,9,1,8
777005,9,3,0
777006,10,3,2
777007,9,3,15
777008,9,1,5
777009,9,8,3
777011,9,1,0
777012,9,2,5
777013,9,7,2
777014,11,0,1
777015,9,5,12
777016,9,2,6
777017,9,12,5
777020,9,5,6
776985,9,1,2
776990,9,4,6
776991,9,1,5
776992,9,1,3
776993,10,6,5
776994,9,1,6
776995,9,2,7
776996,9,4,7
776997,9,3,9
776998,9,4,2
776999,9,18,0
777000,9,6,2
777001,9,4,9
777002,9,2,0
777003,9,1,6
777010,10,5,3
776974,9,3,5
776975,9,4,1
776976,9,1,7
776977,9,4,1
776978,9,3,2
776979,9,2,7
776980,9,2,9
776981,9,8,1
776982,9,2,1
776983,9,4,3
776984,9,6,0
776986,9,5,1
776987,9,10,4
776988,9,4,3
776989,9,4,5
776957,9,1,3
776958,9,6,4
776959,9,7,6
776960,9,7,1
776961,9,5,4
776964,9,5,6
776965,9,8,4
776966,9,11,4
776967,9,2,5
776968,9,6,8
776969,9,1,2
776970,9,2,4
776971,9,7,10
776972,9,6,2
776973,9,5,1
776943,9,1,3
776944,9,6,1
776945,9,8,5
776946,9,0,5
776947,9,7,1
776949,9,7,5
776950,9,7,4
776951,9,10,4
776952,9,3,6
776953,9,12,2
776954,9,5,8
776955,9,9,6
776956,9,9,3
776962,9,3,2
776963,9,4,5
778372,9,16,4
776929,9,3,10
776930,9,5,4
776931,9,5,0
776932,9,3,6
776933,10,1,2
776934,9,0,2
776935,9,1,13
776936,10,1,0
776937,9,9,1
776938,11,5,4
776939,9,9,3
776940,9,7,2
776941,9,5,2
776942,9,5,0
776948,9,8,9
776923,9,6,0
776927,9,7,4
776928,10,11,12
776906,9,4,1
776908,9,4,3
776913,9,5,4
776914,9,5,1
776915,9,1,0
776916,9,3,6
776917,9,9,16
776918,9,0,5
776919,9,17,16
776920,9,3,9
776921,9,3,2
776922,10,2,1
776924,10,3,2
776925,9,13,12
776926,10,3,4
776896,9,5,8
776897,11,4,6
776898,9,0,1
776899,9,2,7
776900,9,4,2
776901,9,4,0
776902,9,3,4
776903,9,2,8
776904,9,8,5
776905,9,5,4
776907,9,2,4
776909,9,7,3
776910,9,2,0
776911,9,12,6
776912,9,5,7
776881,9,4,6
776883,9,5,4
776884,9,7,3
776885,9,8,5
776886,9,5,9
776887,9,4,12
776888,9,5,3
776889,9,0,3
776890,9,2,0
776891,9,7,3
776892,9,4,5
776893,10,4,7
776894,9,3,14
776895,9,6,1
776867,9,5,1
776870,9,2,3
776871,10,8,5
776872,9,1,15
776873,9,6,2
776874,9,6,3
776875,9,2,8
776876,10,6,7
776877,9,13,3
776878,9,2,3
776879,9,5,4
776880,9,8,5
776882,9,1,3
776848,9,3,7
776852,11,5,10
776854,9,4,10
776855,9,2,0
776857,9,8,3
776858,9,12,6
776860,9,1,5
776861,9,3,6
776862,9,3,7
776863,9,2,3
776864,9,6,2
776865,9,7,16
776866,9,1,8
776868,9,5,0
776869,9,2,7
776836,9,1,20
776838,9,2,3
776839,9,3,5
776841,9,8,6
776843,9,4,5
776844,9,2,4
776845,9,2,3
776846,9,1,4
776847,9,6,1
776849,9,6,4
776850,9,2,1
776851,9,1,5
776853,9,4,5
776856,9,3,7
776859,9,4,9
776830,11,4,3
776837,9,0,6
776840,9,7,0
776842,9,8,6
776820,9,2,10
776821,9,1,9
776822,9,5,0
776823,9,5,1
776824,9,3,2
776825,9,6,1
776826,9,5,0
776827,9,9,4
776828,9,3,2
776829,9,3,2
776831,9,3,2
776832,9,6,5
776833,9,5,9
776834,9,1,5
776835,10,3,5
776802,9,2,4
776805,9,7,4
776807,10,5,4
776808,9,9,1
776809,9,6,5
776810,9,2,3
776811,9,3,11
776812,9,1,2
776813,9,4,7
776814,9,1,3
776815,9,5,4
776816,9,0,2
776817,9,7,4
776818,9,1,9
776819,9,8,6
778431,9,7,1
776788,9,4,5
776789,9,6,2
776791,9,6,3
776793,9,0,8
776794,9,13,6
776795,9,3,2
776796,11,5,3
776797,9,1,7
776798,9,6,4
776799,9,7,6
776800,9,2,4
776801,9,8,14
776803,9,7,1
776804,9,2,3
776806,9,9,5
776779,9,7,4
776780,9,1,4
776781,9,1,2
776782,9,7,6
776783,9,3,2
776784,9,7,4
776785,10,7,6
776786,9,7,1
776787,9,4,7
776790,9,6,2
776792,9,1,4
776762,9,6,0
776763,10,7,6
776764,9,2,3
776767,9,1,5
776768,9,5,1
776769,9,1,14
776770,9,8,5
776771,9,14,0
776772,9,13,5
776773,9,9,6
776774,9,9,1
776775,9,0,3
776776,9,0,1
776777,9,6,1
776778,9,4,3
776746,9,4,6
776749,9,1,11
776751,9,2,8
776752,9,6,5
776753,9,4,1
776754,9,0,1
776755,9,12,5
776756,9,6,11
776757,9,1,4
776758,9,5,6
776759,9,7,8
776760,9,1,4
776761,9,4,3
776765,9,8,0
776766,9,4,13
776742,9,2,8
776743,9,3,2
776744,11,3,4
776745,9,9,4
776747,9,2,1
776748,9,3,4
776750,9,5,3
776727,9,3,2
776728,9,3,1
776729,9,6,7
776730,9,4,3
776731,9,3,4
776732,9,0,7
776733,9,0,7
776734,9,10,3
776735,9,6,5
776736,9,9,11
776737,9,2,3
776738,9,0,2
776739,9,2,6
776740,9,8,10
776741,9,2,1
776711,9,1,2
776712,9,6,2
776713,9,8,12
776715,9,10,7
776716,9,5,8
776717,9,6,0
776718,9,7,2
776719,9,3,1
776720,9,1,10
776721,11,5,6
776722,12,5,4
776723,9,14,2
776724,9,7,5
776725,9,2,0
776726,9,3,1
776697,9,5,4
776698,9,4,8
776699,10,5,11
776700,9,8,1
776701,9,6,5
776702,9,6,2
776703,9,7,1
776704,9,4,3
776705,9,0,12
776706,9,4,5
776707,9,7,3
776708,9,9,11
776709,10,3,2
776710,9,4,10
776714,9,3,5
776681,9,1,4
776682,9,1,3
776683,9,3,4
776688,9,3,8
776689,9,12,7
776690,9,4,3
776692,9,10,0
776693,9,4,3
776694,9,5,2
776695,9,3,6
776696,9,9,13
777459,9,0,7
776667,9,5,1
776668,9,4,6
776671,9,4,11
776672,9,6,5
776674,9,3,6
776675,9,5,2
776676,9,4,1
776677,9,3,13
776678,9,1,8
776679,9,3,7
776680,9,6,4
776684,11,3,4
776685,10,1,0
776686,9,4,7
776687,9,11,10
776691,9,6,4
776652,9,2,1
776656,9,8,1
776658,10,3,2
776659,9,5,4
776660,9,8,3
776661,9,2,1
776662,9,11,2
776663,9,4,3
776664,10,4,6
776665,10,2,4
776666,9,3,6
776669,9,1,0
776670,9,6,2
776673,9,7,2
776631,9,4,7
776642,9,8,4
776644,9,5,9
776650,9,9,3
776651,9,1,4
776653,9,3,8
776654,9,3,6
776655,9,2,7
776657,9,6,4
776633,9,10,6
776634,9,5,4
776635,11,6,5
776636,9,2,1
776637,9,9,0
776638,9,3,2
776639,9,7,9
776640,9,2,3
776641,9,4,3
776643,9,7,10
776645,9,7,12
776646,9,2,5
776647,9,0,1
776648,9,4,5
776649,9,7,5
776617,9,5,1
776618,9,1,12
776619,9,7,3
776620,10,1,2
776621,9,1,7
776622,9,10,1
776623,9,10,0
776625,9,4,2
776626,9,2,9
776627,9,1,12
776628,9,6,4
776629,9,8,9
776630,12,6,7
776632,9,5,1
776602,9,11,4
776603,9,2,8
776605,9,3,4
776606,9,7,2
776607,9,8,0
776608,9,3,4
776609,9,1,6
776610,9,4,0
776611,9,5,0
776612,9,3,2
776613,9,3,2
776614,9,5,3
776615,9,8,10
776616,9,7,2
776624,9,4,3
776589,9,7,6
776590,9,8,3
776592,9,0,4
776593,9,7,5
776594,9,7,0
776595,9,9,6
776596,9,10,4
776597,9,10,5
776598,9,13,3
776599,9,7,0
776600,9,2,1
776601,9,0,9
776604,9,3,4
776573,10,7,6
776574,9,6,3
776575,9,7,3
776576,9,5,2
776577,9,6,7
776578,9,3,8
776581,9,2,11
776582,9,5,7
776583,9,4,5
776584,9,3,0
776585,9,6,5
776586,9,9,8
776587,9,1,6
776588,9,5,1
776591,9,0,5
776557,9,12,3
776559,9,7,0
776561,9,4,3
776562,9,5,1
776563,9,20,3
776565,9,1,12
776566,9,6,0
776567,9,9,8
776568,9,1,2
776569,9,1,12
776570,9,11,2
776571,9,4,0
776572,9,2,3
776579,9,2,3
776580,10,4,3
776550,9,4,3
776553,9,4,6
776554,9,4,1
776555,9,4,3
776556,9,4,10
776558,9,4,7
776560,9,19,4
776564,9,2,3
776533,9,15,8
776534,9,0,3
776538,9,2,5
776540,9,3,5
776541,9,7,4
776542,9,7,11
776543,9,2,0
776544,9,2,10
776545,9,1,4
776546,9,2,7
776547,9,5,4
776548,9,19,9
776549,9,2,4
776551,10,5,7
776552,9,2,1
776516,9,1,11
776523,9,1,6
776524,9,3,9
776525,9,1,4
776526,9,3,4
776527,9,1,4
776528,9,3,1
776529,11,3,5
776530,9,3,12
776531,9,1,4
776532,10,3,2
776535,9,8,11
776536,9,2,4
776537,9,4,3
776539,9,3,10
776507,9,13,2
776508,9,6,9
776509,9,5,4
776510,9,0,3
776511,9,6,5
776512,9,0,5
776513,9,7,2
776514,9,3,2
776515,9,8,4
776517,9,5,2
776518,9,7,4
776519,9,1,5
776520,9,4,7
776521,9,2,4
776522,9,1,3
776492,9,2,8
776494,9,3,4
776495,10,5,7
776497,9,3,11
776498,9,2,0
776499,9,8,3
776500,9,8,10
776501,9,8,10
776502,9,5,6
776503,9,5,4
776504,9,10,2
776505,9,6,4
776506,10,7,6
776480,9,2,6
776481,9,5,3
776482,9,5,2
776483,9,2,1
776484,9,3,12
776485,9,6,5
776486,9,4,7
776487,9,4,3
776488,9,1,5
776489,9,1,7
776490,9,5,12
776491,9,9,12
776493,9,11,7
776496,9,9,7
776465,9,5,7
776466,9,3,4
776467,9,8,10
776468,9,2,0
776469,9,3,4
776470,9,5,1
776471,9,6,3
776472,9,8,7
776473,9,1,5
776474,9,1,8
776475,9,9,13
776476,9,9,4
776477,9,10,5
776478,9,6,2
776479,9,3,0
776458,9,4,2
776459,9,0,2
776461,9,5,3
776462,9,8,11
776463,9,4,3
776464,9,4,8
776442,9,3,0
776444,9,4,10
776445,9,2,8
776446,9,2,1
776448,9,10,5
776449,12,4,3
776450,9,4,5
776451,9,1,7
776452,9,5,7
776453,9,2,5
776454,9,2,1
776455,9,11,5
776456,9,3,9
776457,9,1,7
776460,9,4,1
776424,9,5,1
776430,9,4,17
776431,9,8,10
776432,9,0,11
776433,9,2,4
776434,9,11,2
776435,9,6,0
776436,9,3,1
776437,9,3,2
776438,9,2,3
776439,9,6,3
776440,9,1,2
776441,9,1,4
776443,9,4,3
776447,9,2,10
776414,9,4,3
776415,9,4,7
776416,9,4,3
776417,9,1,8
776418,9,4,2
776419,9,2,10
776420,9,3,6
776421,9,1,2
776422,9,1,5
776423,9,4,3
776425,9,4,6
776426,9,5,4
776427,9,2,5
776428,9,2,18
776429,9,3,2
776399,9,11,5
776400,9,4,2
776405,9,1,0
776406,9,5,0
776407,10,4,3
776408,9,3,1
776409,9,7,15
776410,9,0,7
776411,9,3,12
776412,9,4,1
776413,9,10,2
776388,9,4,5
776389,9,7,2
776390,9,12,2
776391,9,5,3
776392,9,2,4
776393,10,4,3
776394,9,5,3
776395,9,5,4
776396,9,0,6
776397,9,5,7
776398,9,2,12
776401,11,3,2
776402,9,1,6
776403,9,2,0
776404,9,9,3
776373,13,4,2
776374,9,3,5
776375,9,6,3
776376,9,4,3
776377,9,1,2
776378,9,6,5
776379,9,5,4
776380,9,9,0
776381,9,2,3
776382,9,3,4
776383,9,1,11
776384,9,11,3
776385,9,2,3
776386,9,8,3
776387,10,2,1
776362,12,7,6
776364,9,5,1
776365,9,2,0
776367,9,5,0
776368,9,9,3
776369,9,6,0
776370,9,3,2
776371,9,6,4
776372,9,3,2
776345,9,2,1
776350,10,5,1
776351,9,6,5
776352,9,6,4
776353,9,6,1
776354,9,8,2
776355,9,9,8
776356,9,8,2
776357,9,2,4
776358,9,3,0
776359,9,3,8
776360,9,3,11
776361,9,4,0
776363,9,1,4
776366,9,8,2
776328,9,7,13
776333,9,5,3
776336,9,1,5
776337,10,2,5
776338,9,4,5
776339,10,9,8
776340,9,11,5
776341,9,11,3
776342,9,8,6
776343,9,5,4
776344,9,3,5
776346,9,2,6
776347,11,6,4
776348,9,3,1
776349,9,2,3
776317,9,11,2
776320,9,4,3
776321,9,4,3
776322,9,11,2
776323,9,9,6
776324,9,4,6
776325,9,2,10
776326,9,2,3
776327,9,7,4
776329,9,8,3
776330,9,6,4
776331,9,3,2
776332,9,0,2
776334,9,3,10
776335,10,5,2
776309,9,8,1
776311,10,5,6
776312,9,6,11
776313,9,7,0
776314,9,1,4
776315,9,3,11
776316,11,1,2
776318,9,0,4
776319,9,6,3
776293,9,5,6
776294,9,6,5
776295,9,9,2
776297,9,6,9
776298,9,9,10
776300,9,3,0
776301,9,6,5
776302,9,5,12
776303,10,5,7
776304,9,8,3
776305,9,5,6
776306,9,7,8
776307,10,0,5
776308,9,1,4
776310,9,1,2
777825,9,3,6
776277,9,4,8
776279,11,1,5
776280,9,5,0
776283,9,2,6
776284,9,5,10
776285,9,1,3
776286,9,4,9
776287,9,4,8
776288,9,4,7
776289,9,7,5
776290,9,2,1
776291,9,9,2
776292,9,5,2
776296,9,0,4
776299,10,5,4
776269,9,4,0
776270,9,7,9
776271,9,2,1
776272,9,0,2
776274,9,5,2
776275,9,1,3
776276,9,6,1
776278,9,0,7
776281,9,3,5
776282,9,1,0
776251,12,4,6
776253,9,7,6
776255,9,2,8
776256,9,6,3
776259,9,12,6
776260,9,20,1
776261,9,7,11
776262,9,0,4
776263,9,2,6
776264,9,4,3
776265,9,7,1
776266,9,3,4
776267,9,7,4
776268,9,1,10
776273,9,4,2
776233,9,7,5
776241,9,0,3
776242,9,3,4
776243,9,0,8
776244,10,2,3
776245,9,2,1
776246,9,4,3
776247,9,3,6
776248,9,4,6
776249,9,2,0
776250,9,3,7
776252,11,3,5
776254,9,6,3
776257,9,1,6
776258,9,5,6
777839,9,0,6
776225,9,6,2
776226,9,2,4
776227,9,1,3
776228,9,3,7
776229,9,5,8
776230,9,9,2
776231,9,5,1
776232,9,3,1
776234,9,11,0
776235,9,2,3
776236,9,7,3
776237,9,2,3
776238,9,2,6
776239,9,1,0
776240,10,1,7
776220,9,5,6
776221,9,11,5
776222,11,5,4
776207,9,4,8
776208,9,5,1
776209,9,7,9
776210,9,1,4
776211,9,8,9
776212,9,4,3
776213,9,5,4
776214,9,7,0
776215,11,5,6
776216,9,3,2
776217,9,1,4
776218,9,5,2
776219,9,3,2
776223,9,6,0
776224,9,2,4
776192,9,4,2
776193,11,4,5
776194,9,9,2
776195,9,6,0
776196,9,4,3
776197,9,3,2
776198,9,1,3
776199,9,8,1
776200,9,3,4
776201,9,11,1
776202,11,3,4
776203,9,2,6
776204,9,5,1
776205,9,10,3
776206,9,1,7
776178,9,4,9
776179,9,6,2
776182,9,5,11
776183,9,0,4
776184,9,5,3
776185,9,0,8
776186,9,6,1
776187,9,5,8
776188,9,1,0
776189,9,2,4
776190,9,2,1
776191,9,6,5
776165,9,9,10
776166,9,6,3
776167,9,12,1
776168,9,2,3
776169,9,4,3
776170,9,7,4
776171,9,1,3
776172,9,4,3
776173,9,6,2
776174,9,8,4
776175,9,3,7
776176,9,3,1
776177,9,4,2
776180,9,3,9
776181,9,4,3
776146,9,4,3
776150,9,3,5
776152,9,5,1
776153,9,4,7
776154,9,2,4
776155,9,1,6
776156,9,1,3
776157,9,1,2
776158,9,3,2
776159,9,5,1
776160,9,6,5
776161,9,0,5
776162,9,6,1
776163,9,0,5
776164,9,7,3
776135,9,2,6
776136,9,12,4
776137,9,4,0
776138,9,2,9
776139,9,1,6
776140,9,3,2
776141,10,2,1
776142,9,2,0
776143,9,0,8
776144,9,4,2
776145,9,13,4
776147,10,9,8
776148,9,4,0
776149,9,4,1
776151,9,4,3
813066,9,3,1
813069,9,10,5
813072,9,1,2
813074,9,1,3
813064,9,0,3
813068,9,8,4
813070,9,4,3
813071,9,6,1
813059,9,3,1
813065,9,4,0
813073,9,3,6
813047,9,9,3
813051,9,3,5
813058,11,2,3
813063,9,10,1
813057,9,3,2
813062,9,13,7
823244,9,0,7
823081,9,9,7
823163,9,4,6
823325,9,2,8
823486,9,5,3
823649,9,11,7
823812,9,14,2
823974,9,8,2
824218,9,0,3
824541,9,0,3
824704,9,4,10
824865,9,2,1
822839,9,3,2
823162,9,5,1
823243,9,0,3
823324,9,2,5
823893,9,2,1
823971,9,5,4
824216,9,2,6
824946,9,6,0
822838,11,8,7
823082,10,6,5
823161,10,5,6
823241,9,1,3
823323,9,3,0
823488,10,4,5
823651,11,4,2
823811,9,6,1
823892,9,4,3
823973,9,3,2
824213,9,11,9
824540,11,6,5
824701,9,10,2
824862,9,1,4
824945,9,6,2
822837,9,5,2
823079,9,7,11
823160,9,8,0
823487,9,3,8
823647,10,3,4
823810,9,9,7
823891,9,4,3
824215,9,9,7
824538,9,3,2
824700,9,3,6
824864,9,8,6
824944,9,1,4
822834,9,5,14
823080,9,2,4
823159,9,2,1
823320,9,2,3
823484,9,2,13
823809,9,2,3
823890,9,4,9
823972,9,2,4
824135,9,3,1
824214,9,8,1
824539,9,2,0
824702,9,7,2
824863,9,2,5
824943,9,4,0
825108,9,9,6
822836,9,5,1
823077,9,3,0
823158,9,0,5
823322,9,3,9
823485,9,3,2
823807,9,6,2
823888,9,9,2
823969,9,4,1
824212,9,9,2
824537,9,3,8
824699,9,0,2
824861,9,5,8
824942,9,2,5
825107,9,7,5
822835,10,1,2
823078,11,2,1
823157,9,3,5
823321,9,7,1
823483,10,6,5
823806,9,8,2
823889,9,10,0
823970,9,1,4
824136,9,13,9
824211,9,6,4
824536,9,3,8
824698,9,6,2
824860,9,8,3
824940,9,5,1
825106,9,1,0
823242,9,7,2
824133,9,1,5
825105,9,2,17
822758,9,6,13
822919,9,3,5
823240,9,3,10
823406,9,5,4
823568,9,8,2
823732,9,10,4
824056,10,1,3
824299,9,4,0
824377,9,1,10
824458,9,4,1
824621,10,5,4
824786,9,5,2
825026,9,11,4
825103,9,0,2
822757,9,5,10
822920,9,0,2
823239,9,0,9
823404,9,3,2
823569,9,9,7
823730,9,1,7
824054,9,1,0
824132,9,2,5
824134,9,8,2
824295,9,11,6
824378,9,1,2
824622,9,6,3
824782,9,2,3
825027,9,0,11
825104,9,2,1
822756,9,6,8
822917,9,1,2
823238,9,2,5
823405,9,8,2
823566,9,6,7
823729,10,1,4
824053,11,8,7
824131,9,5,8
824296,9,3,5
824379,9,4,1
824459,9,0,1
824460,9,6,5
824620,9,3,0
824781,9,6,8
825025,10,12,10
825102,10,6,5
822755,9,9,6
822832,9,2,14
822918,9,2,1
823002,9,6,4
823237,9,4,6
823401,9,0,5
823728,9,7,3
823886,9,0,2
824052,9,6,2
824376,9,9,7
824456,9,2,4
824619,9,1,2
824783,9,6,8
822754,10,6,7
822831,9,1,4
822916,9,3,2
822999,9,2,9
823235,9,6,0
823402,9,7,1
823567,9,5,3
823648,10,4,3
823727,9,4,2
823887,10,3,6
824051,9,2,7
824375,9,5,1
824457,9,2,1
824618,9,2,4
824780,9,3,2
822753,9,1,6
822833,9,4,3
822915,9,3,0
823000,9,2,6
823234,9,5,0
823403,9,2,8
823564,9,2,3
823646,9,2,7
823726,9,8,6
823885,9,7,4
824050,9,2,8
824374,9,9,1
824455,9,10,2
824617,9,3,5
824779,9,5,0
823319,12,7,3
823565,9,0,1
823645,9,1,7
823724,9,3,1
823884,9,8,1
824130,9,0,2
822829,9,10,4
822997,9,5,3
823076,9,3,2
823156,9,9,6
823318,9,5,2
823482,9,4,5
823643,9,0,4
823808,9,3,7
823968,9,8,7
824128,9,2,0
824297,9,2,0
824534,9,2,10
824695,9,0,2
824858,9,3,6
824941,9,11,5
822830,9,4,7
822996,10,5,4
823074,9,1,7
823155,9,8,7
823316,9,9,5
823480,9,4,3
823644,9,6,11
823805,9,1,3
823967,9,6,3
824129,9,2,0
824294,9,6,1
824535,9,7,3
824697,11,3,4
824857,9,6,2
824939,9,0,6
822828,9,2,8
822998,9,5,4
823075,9,3,9
823154,9,6,1
823317,9,7,2
823479,9,3,4
823642,9,0,1
823804,9,6,8
823966,9,2,5
824126,9,5,6
824293,9,8,2
824533,9,6,9
824696,9,7,6
824859,9,6,2
824938,9,13,1
823073,9,3,9
823153,9,6,2
823400,9,16,5
823481,9,13,7
823563,9,11,10
823725,9,13,6
823964,9,4,0
824856,9,9,7
824937,9,4,10
825024,9,1,8
823072,10,6,5
823315,9,4,1
823398,9,4,5
823478,9,4,10
823562,9,1,7
823723,9,6,0
823802,10,7,9
823965,9,2,1
824210,9,7,6
824292,9,2,1
824531,9,2,1
824616,9,5,8
824853,9,3,4
824935,9,6,5
825022,9,2,1
823071,9,5,3
823314,9,7,6
823399,9,2,0
823477,9,2,11
823561,9,5,4
823722,9,5,9
823803,9,2,1
823963,9,8,2
824209,9,3,1
824291,9,2,1
824532,9,8,3
824615,9,3,8
824855,10,5,8
824936,9,6,3
825021,9,6,5
823313,9,5,2
823396,10,7,8
823560,9,4,11
823801,9,2,1
824208,9,2,3
824289,9,10,9
824453,9,4,2
824530,9,0,3
824614,9,3,5
825023,9,6,9
822752,9,5,10
823152,9,0,5
823397,9,5,1
823476,9,0,9
823559,9,4,2
823720,9,1,2
823883,10,5,7
824048,9,8,0
824207,9,4,9
824373,9,1,7
824454,9,4,6
824693,9,12,4
824778,10,1,0
825019,9,2,9
825101,9,6,3
822751,12,6,7
823151,9,7,3
823394,13,7,8
823474,9,1,3
823558,9,13,4
823721,9,4,5
823882,9,2,5
824049,9,1,4
824206,9,5,7
824372,9,4,3
824451,9,4,2
824694,9,4,2
824775,9,1,4
825020,11,7,6
825098,9,6,2
822750,9,3,0
823150,9,5,2
823393,9,6,3
823475,9,2,4
823556,9,7,0
823718,10,4,7
823881,9,5,3
824047,9,1,2
824205,10,5,7
824371,9,9,6
824452,9,8,4
824691,10,2,1
824777,9,2,6
825018,9,4,7
825100,9,4,10
822749,9,4,9
822994,9,1,6
823149,9,4,6
823879,9,5,3
824046,9,2,5
824125,12,5,7
824370,9,3,12
824450,9,2,9
824692,9,5,1
824776,9,8,6
822747,9,11,4
822914,9,5,1
822995,9,6,12
823148,9,2,5
823236,9,3,1
823640,9,3,5
823880,9,3,5
824045,9,2,4
824127,9,6,5
824290,9,4,12
824369,9,0,1
824448,9,8,5
824690,9,7,4
824773,9,0,4
825099,9,5,11
822748,9,6,8
822913,9,4,8
822993,9,6,1
823147,9,5,4
823231,9,3,0
823641,9,3,2
823878,9,4,1
824044,9,7,3
824123,9,6,8
824286,9,5,2
824367,9,8,3
824449,9,0,2
824688,9,7,2
824774,9,1,4
825097,9,11,7
822745,9,2,7
822912,9,6,1
823233,9,0,3
823639,9,10,8
824288,9,5,4
824368,9,8,10
824689,10,8,7
824770,9,2,4
825096,9,1,4
822827,9,6,8
822909,9,1,8
822992,9,6,2
823069,9,2,3
823232,9,4,9
823638,9,3,4
823800,9,0,6
823962,9,4,6
824124,9,6,3
824204,9,4,12
824529,9,9,8
824611,9,5,4
824854,9,10,3
824932,9,5,3
822826,9,5,3
822910,9,4,3
822989,9,6,1
823070,9,9,11
823229,9,6,2
823799,10,3,6
823960,9,12,4
824121,9,12,1
824203,9,3,8
824527,9,9,2
824613,10,3,6
824851,9,1,17
824933,10,5,8
825093,9,4,6
822824,9,4,2
822911,9,1,2
822991,9,4,2
823068,9,2,3
823230,9,6,3
823635,9,1,3
823637,9,0,3
823797,9,5,0
823959,9,6,0
824122,10,11,9
824202,9,7,4
824528,9,3,8
824612,10,1,2
824852,9,3,5
824934,9,6,2
825094,9,12,7
822825,9,0,5
822906,9,2,4
823311,9,9,7
823395,9,2,4
823719,9,11,4
823961,9,5,4
824446,9,2,3
824609,9,8,7
822823,9,3,0
822908,9,2,3
823310,9,3,8
823390,9,7,11
823473,9,7,0
823636,9,8,0
823716,9,1,7
823798,9,13,2
823956,9,1,2
824447,9,0,1
824526,9,7,2
824610,9,5,2
824849,9,5,3
824931,9,5,2
825017,10,1,4
822821,9,8,1
822907,9,3,0
823312,9,4,5
823392,9,4,5
823633,9,2,14
823717,9,3,5
823796,9,2,6
823958,9,2,3
824445,9,3,1
824525,9,2,13
824608,10,3,2
824930,9,4,3
825015,9,5,2
823391,9,5,10
823471,10,6,5
823472,9,3,2
823634,9,4,5
823714,9,7,1
823795,9,13,1
824524,9,6,4
824848,9,10,3
824850,9,5,11
824929,9,2,5
825016,9,6,3
822744,9,1,6
822990,9,3,0
823066,9,7,2
823146,9,6,7
823309,9,2,8
823389,9,9,1
823557,9,7,2
823713,9,3,7
823877,9,5,6
824041,9,3,4
824287,9,4,5
824366,9,6,8
824686,9,6,5
824772,9,3,1
825012,9,5,8
822746,9,1,4
822988,9,5,1
823067,9,3,2
823144,10,2,3
823308,9,0,4
823388,9,17,7
823554,9,9,4
823715,9,4,11
823876,9,4,0
824042,10,4,3
824284,9,5,1
824365,9,1,9
824685,9,2,0
824771,9,3,6
825014,9,6,14
822742,9,3,2
822987,10,2,1
823065,9,1,4
823145,9,1,4
823307,9,4,3
823387,9,1,0
823555,9,11,3
823711,9,4,3
823875,9,2,7
824043,9,1,5
824285,9,7,1
824364,9,6,11
824687,9,8,4
824769,10,1,3
825013,9,7,1
822984,9,5,1
823064,9,6,3
823143,9,5,4
823228,9,3,2
823552,9,12,1
823874,9,0,1
824039,9,0,6
824120,9,6,2
824201,9,3,8
824283,9,4,5
824363,9,2,4
824684,9,5,4
822743,9,3,11
822986,9,4,3
823142,9,2,3
823227,9,5,10
823469,9,9,1
823553,9,7,4
823873,9,7,9
824040,9,4,3
824119,9,5,3
824200,9,2,1
824281,9,3,10
824682,10,3,2
825092,9,9,0
822740,9,15,2
822985,9,3,0
823063,9,2,6
823141,9,3,1
823226,9,1,5
823470,9,6,3
823550,9,1,6
823872,9,4,7
824036,9,8,2
824118,9,1,3
824198,9,2,12
824282,9,0,4
824361,9,5,10
824683,10,7,6
825091,9,0,1
822741,9,7,5
823306,9,1,2
823467,9,1,12
823551,9,9,2
823870,9,4,3
824117,9,5,8
824362,9,6,2
824681,9,8,3
824767,9,4,8
825090,9,2,4
822822,9,2,0
822904,9,1,7
823225,9,5,2
823303,9,0,6
823466,11,7,9
823794,9,6,0
823871,9,2,3
823957,9,3,1
824116,9,4,3
824443,9,6,4
824522,9,0,10
824607,9,8,12
824768,9,2,0
824846,9,3,4
825088,10,1,3
822820,9,14,1
822905,9,6,0
823224,9,3,13
823304,9,4,2
823468,9,9,3
823792,10,4,3
823869,9,8,7
823955,9,2,7
824115,9,5,1
824444,11,1,2
824523,9,3,1
824606,9,6,1
824847,9,2,6
825089,9,2,1
822819,9,1,6
822902,9,3,0
823221,12,7,6
823305,10,3,2
823463,9,6,0
823793,9,4,3
823868,9,5,2
823954,9,2,7
824113,9,3,6
824440,9,4,5
824520,9,5,0
824605,9,2,1
824765,9,1,4
824845,9,2,1
825085,9,5,1
822818,9,5,8
822901,9,0,1
823953,9,3,9
824199,9,1,3
824441,9,7,2
824844,9,3,2
822817,10,6,7
822903,9,7,4
823385,9,3,1
823632,9,10,2
823712,9,3,0
823790,9,6,4
823951,9,2,6
824197,9,2,10
824442,9,3,2
824521,9,4,10
824604,9,6,5
824764,9,1,2
824843,9,2,6
824927,9,5,2
825011,9,4,6
822815,10,5,3
822900,9,6,5
823386,9,4,10
823631,10,3,2
823710,9,5,9
823791,9,1,3
823952,9,4,0
824195,10,4,3
824438,9,4,2
824519,10,7,8
824603,9,6,5
824763,9,3,1
824841,9,7,0
824928,9,4,1
825010,9,6,2
823383,9,7,2
823630,9,9,4
823709,9,9,1
823789,9,7,1
823950,9,5,2
824196,9,3,8
824517,9,15,1
824602,9,6,2
824762,9,1,3
824926,9,0,2
825008,9,4,5
822739,9,3,2
822983,9,7,2
823061,11,5,4
823140,9,0,2
823384,10,9,11
823629,9,2,5
823707,9,2,3
824037,9,0,6
824194,9,2,0
824280,9,3,2
824360,9,1,9
824439,9,6,7
824601,9,5,10
824925,10,3,2
825009,9,5,2
822737,9,13,3
822981,10,5,10
823060,9,4,2
823139,9,4,7
823382,9,0,6
823627,9,6,3
823706,9,1,2
824038,9,2,15
824193,9,4,1
824278,10,1,2
824359,9,4,2
824435,9,7,4
824600,9,8,3
824924,9,2,3
825007,9,4,6
822738,9,3,7
822982,9,6,3
823058,9,0,2
823138,9,3,8
823381,9,0,6
823628,10,7,6
823708,9,5,4
824034,9,1,10
824192,9,0,8
824279,9,1,4
824358,9,6,8
824436,9,10,3
824599,10,9,8
824923,9,8,1
825006,9,1,10
822734,12,7,16
822980,9,16,6
823137,9,6,1
823301,9,1,0
823465,9,5,4
823549,9,7,6
823705,9,6,3
823867,9,12,0
824035,9,2,1
824114,9,1,3
824277,9,2,8
824357,9,7,6
824680,9,3,9
825087,9,12,2
822736,9,9,6
822979,9,4,1
823059,10,9,6
823136,9,1,2
823302,9,4,5
823464,9,1,4
823548,9,5,4
823704,9,1,2
823865,9,4,8
824033,9,6,14
824112,9,1,7
824276,9,3,4
824356,9,0,10
824677,9,2,5
825086,9,5,3
822735,9,8,4
822977,9,5,3
823057,9,0,7
823134,9,5,4
823299,9,0,4
823462,9,4,9
823547,9,1,2
823703,9,4,1
823866,9,1,9
824032,10,5,6
824111,9,3,4
824273,10,2,3
824355,9,4,5
824678,9,0,5
825084,9,6,3
822733,9,1,2
823056,9,2,6
823545,9,0,2
823864,9,3,9
824031,10,2,3
824274,9,1,3
825083,9,2,1
822816,9,6,2
823223,9,4,9
823298,9,7,3
823461,9,0,1
823546,9,2,4
823788,9,5,1
823863,9,2,1
824029,9,9,6
824110,9,0,2
824679,9,2,4
824761,9,6,8
824842,9,7,4
824922,11,5,4
825082,9,2,3
822814,9,5,2
823222,9,10,3
823300,9,2,0
823458,9,3,0
823787,9,3,11
823862,9,4,1
824030,9,5,2
824109,9,5,0
824516,11,7,6
824518,9,1,8
824674,9,0,3
824760,9,2,4
824920,9,0,2
825080,9,5,4
822813,9,1,4
823220,9,8,5
823297,9,2,5
823459,9,1,3
823544,9,2,0
823786,9,1,5
823861,9,4,0
824028,9,2,1
824108,9,8,6
824676,9,5,8
824759,9,5,6
824839,9,5,3
824840,9,1,4
824921,9,1,2
825081,9,9,1
822812,9,2,8
822899,9,0,9
823219,9,2,6
823296,9,0,3
823380,9,2,1
823625,9,2,7
823784,9,5,1
823948,9,5,3
824107,9,3,4
824437,9,2,10
824598,9,3,1
824838,13,9,7
825005,9,2,9
822811,9,8,1
822898,9,10,7
823216,9,5,7
823294,9,3,4
823379,9,12,1
823624,9,2,7
823785,9,6,0
823949,9,15,6
824106,9,1,15
824275,9,6,10
824434,9,3,6
824597,11,3,5
824758,9,6,7
824837,9,6,1
825004,9,1,4
822809,9,2,1
822897,9,3,4
823217,9,2,3
823295,9,0,3
823376,9,4,10
823626,9,4,2
823783,9,2,1
823947,9,4,1
824104,9,0,7
824270,9,4,0
824432,9,3,2
824596,9,15,2
824756,9,8,0
824836,9,11,2
825003,9,1,9
822896,9,1,5
823378,9,2,7
824272,9,1,7
824595,9,6,2
824757,9,2,10
824834,9,1,2
822732,9,5,7
822894,9,9,1
822978,9,8,5
823055,9,6,5
823135,10,7,6
823377,9,6,5
823623,10,9,7
823946,9,4,2
824191,10,4,5
824353,9,8,6
824433,9,4,3
824515,9,3,8
824594,10,4,3
824835,9,5,6
825002,9,2,8
822731,9,9,4
822893,9,7,6
822975,9,3,14
823054,9,1,6
823132,9,5,1
823375,9,10,9
823622,9,6,1
823945,9,3,4
824190,9,9,2
824352,9,8,3
824431,9,1,9
824513,9,2,5
824593,9,7,1
824833,9,6,5
825000,9,6,4
822729,9,4,2
822895,9,6,3
822976,9,5,2
823053,9,5,1
823133,10,3,2
823373,9,9,3
823621,9,10,1
823944,9,9,1
824187,9,0,2
824354,9,6,19
824430,9,4,9
824512,9,6,4
824592,9,2,1
824832,9,9,5
825001,9,8,13
822730,9,3,7
822974,9,9,10
823050,9,1,2
823131,10,3,2
823702,9,9,6
823781,9,16,2
824027,9,8,9
824510,9,2,9
825078,9,4,1
822728,9,3,7
822971,9,0,8
823052,9,4,7
823129,9,8,3
823460,9,3,2
823541,9,4,9
823700,9,6,4
823782,9,8,3
824026,9,2,8
824189,9,6,10
824511,10,4,3
824675,9,1,2
824754,9,2,4
824918,9,4,3
825079,9,5,6
822727,9,1,4
822973,9,2,7
823051,9,5,3
823130,9,1,7
823456,9,3,2
823540,9,4,5
823701,9,0,8
823780,9,0,1
824024,9,11,4
824188,9,11,9
824509,9,2,5
824671,10,4,5
824755,9,8,1
824917,9,7,3
825077,9,0,7
823457,9,6,4
823542,9,2,1
823698,9,6,8
823779,9,9,12
824185,9,1,5
824672,9,7,6
824753,9,2,8
824919,9,2,7
825076,9,3,2
822810,9,3,13
822892,9,3,2
823049,9,10,3
823293,9,0,5
823455,9,8,6
823538,9,3,5
823699,9,5,3
823860,9,0,6
823943,9,1,0
824186,9,5,1
824271,9,7,3
824350,10,7,9
824673,9,3,18
824914,9,6,3
825073,9,1,14
822808,9,6,4
822891,9,0,6
823048,9,6,5
823292,9,3,2
823454,9,3,6
823697,9,2,3
823859,9,4,3
823942,9,9,2
824184,9,13,2
824269,9,0,4
824351,9,1,7
824669,10,3,2
824915,9,6,3
825075,9,1,6
822807,9,6,4
822890,9,10,0
823047,9,5,3
823291,9,3,7
823453,9,9,5
823537,9,6,1
823696,9,5,6
823857,9,4,1
823941,9,5,13
824183,9,0,5
824268,9,5,4
824349,9,4,12
824670,10,1,2
824916,9,3,2
825074,9,5,1
822806,9,2,5
822972,9,3,1
823218,9,3,4
823289,9,6,2
824025,10,4,5
824427,10,5,7
824829,9,3,6
824998,12,14,15
822805,9,3,2
822969,9,4,3
823214,9,3,6
823290,11,3,5
823374,9,3,12
823620,9,0,7
823858,9,10,6
824023,9,10,1
824105,9,5,3
824267,9,10,4
824347,9,7,3
824429,9,2,3
824591,10,6,5
824830,10,5,6
824999,9,7,5
822804,9,4,7
822970,9,7,5
823215,9,11,10
823287,9,5,4
823372,9,9,8
823618,9,2,9
823856,9,8,0
824022,10,3,2
824103,10,4,6
824266,9,4,6
824348,9,3,2
824428,9,4,8
824590,9,2,1
824831,9,7,2
824996,9,4,3
823371,9,6,8
823619,9,5,4
823855,9,2,0
824101,9,2,4
824265,9,11,0
824346,9,3,9
824827,9,7,5
822726,9,2,10
822803,9,8,5
823211,9,1,5
823370,9,3,8
823617,9,7,5
823695,9,9,8
823778,9,6,0
824020,9,4,3
824102,9,8,10
824425,9,3,2
824507,9,2,5
824588,9,8,2
824752,9,10,1
824826,9,7,3
824997,9,6,4
822725,9,8,3
822802,9,1,3
823213,9,1,6
823369,9,3,2
823616,9,1,3
823694,9,6,9
823776,9,8,9
824019,9,8,0
824100,9,7,8
824426,9,3,1
824508,9,2,1
824587,9,1,7
824749,9,6,3
824828,9,3,9
824995,9,7,5
822722,9,10,1
822801,9,3,8
823212,9,5,1
823368,9,2,4
823615,9,8,1
823693,9,5,4
823777,9,4,0
824021,9,3,8
824099,9,4,0
824506,9,3,5
824586,9,6,4
824751,9,4,6
824823,9,2,5
824994,9,9,23
822724,9,7,3
822887,9,2,4
823046,9,3,0
823452,9,7,0
823938,9,4,3
824181,9,3,9
824505,9,12,0
824666,9,5,4
824993,9,11,2
825071,9,4,3
822723,9,6,4
822888,9,2,12
823045,9,3,2
823128,9,3,1
823451,9,8,2
823535,9,12,2
823775,9,2,1
823939,9,1,0
824182,9,4,2
824504,9,5,3
824667,9,2,5
824750,9,1,6
824912,9,2,7
824991,9,5,6
825070,9,0,7
822721,9,2,6
823044,9,1,6
823127,9,3,5
823450,9,4,12
823536,9,10,5
823774,9,9,4
823940,9,5,4
824178,9,4,2
824503,9,1,9
824668,9,8,6
824746,9,0,3
824913,9,5,7
824992,9,4,12
825072,9,8,1
822889,9,3,9
823125,9,3,0
823448,9,4,6
823533,9,1,5
823772,9,2,4
824098,9,14,6
824748,9,3,4
824989,9,5,0
822886,9,9,7
822966,9,5,2
823124,9,2,6
823534,9,5,0
823853,9,4,3
823936,9,6,5
824097,9,6,5
824179,9,9,3
824264,9,4,3
824345,9,4,3
824663,9,16,2
824910,9,3,2
824990,10,12,11
825069,9,9,5
822885,10,4,6
822967,9,3,4
823126,9,1,5
823447,9,15,3
823532,9,2,10
823854,9,6,3
823937,9,2,3
824180,9,1,8
824263,9,4,1
824342,9,2,1
824665,9,6,8
824909,9,4,3
824988,9,0,7
825068,9,8,16
822883,9,4,3
822968,9,4,3
823123,9,3,1
823449,9,6,2
823531,9,1,4
823852,9,2,1
823934,9,1,12
824095,9,10,12
824177,9,2,1
824260,10,5,4
824343,9,6,8
824908,9,4,9
824987,9,7,9
825067,9,2,4
822720,9,4,1
822800,9,4,2
822964,9,1,2
823040,9,3,2
823288,9,1,0
823692,9,1,2
823851,9,3,4
824016,9,1,6
824261,9,5,3
824344,9,3,2
824502,10,1,2
824585,9,6,5
822718,9,9,14
822799,11,7,9
822963,9,5,12
823043,9,3,4
823210,9,3,1
823286,10,7,6
823365,9,2,3
823614,9,6,9
823690,9,3,12
823849,9,6,4
824017,9,5,1
824262,9,3,4
824340,9,2,5
824501,9,0,2
824584,9,2,1
822719,9,4,5
822798,9,1,3
822965,9,5,3
823041,9,4,9
823208,9,2,1
823284,9,5,2
823367,9,11,1
823611,9,5,10
823613,9,3,10
823691,9,3,4
823850,9,4,2
824018,10,7,6
824259,9,2,4
824341,9,8,6
824500,9,5,6
824583,10,3,4
822717,9,5,10
822797,9,5,6
822961,9,13,2
823209,9,6,9
823366,9,5,1
823612,10,3,4
824258,9,1,2
824747,9,6,3
822796,9,4,5
822962,9,6,1
823039,9,0,4
823206,9,1,3
823285,9,7,1
823363,9,4,6
823610,9,1,2
823688,10,9,8
823773,9,6,2
824014,9,3,9
824255,9,8,0
824423,9,1,3
824582,9,22,1
824743,9,6,1
824824,9,3,1
822794,9,4,7
822960,9,4,2
823038,9,1,5
823207,9,5,0
823283,9,3,15
823364,9,7,9
823609,9,6,2
823689,9,5,8
823770,9,2,8
824015,9,5,2
824257,9,6,8
824421,9,4,3
824581,9,2,1
824745,9,4,1
824825,10,3,4
822795,9,2,3
822959,9,5,1
823037,9,2,1
823204,9,3,2
823281,9,2,4
823362,9,9,4
823608,9,4,5
823686,9,3,2
823769,10,3,4
824011,9,4,1
824256,10,5,7
824422,9,6,5
824580,9,4,5
824744,10,5,4
824821,9,4,6
822792,9,2,1
823121,9,6,2
823444,9,7,11
823529,9,3,7
823771,9,5,3
824176,9,4,5
824339,9,7,10
824420,9,3,6
824662,9,3,2
824741,9,6,3
824822,9,2,8
824986,9,4,9
825065,9,5,4
822793,9,0,3
823122,9,8,3
823445,9,8,0
823528,9,3,9
823768,9,7,2
824096,9,4,10
824175,9,6,4
824338,9,3,14
824418,9,2,4
824661,9,9,7
824742,9,1,8
824819,9,3,9
824907,9,3,5
824984,9,3,9
825066,9,8,2
822791,9,9,3
823446,9,10,6
823530,11,2,6
823767,9,4,2
824094,9,0,4
824174,9,3,8
824337,9,6,3
824419,9,9,4
824660,9,23,3
824740,9,2,10
824818,9,6,1
824905,9,5,1
824985,9,7,1
825064,9,4,6
822884,9,10,4
823119,9,1,0
823442,9,1,6
823765,9,2,7
823935,9,12,7
824093,9,2,5
824335,9,14,4
824416,9,6,5
824906,9,5,11
822714,9,9,5
823120,9,0,2
823527,9,5,2
823933,9,4,3
824013,9,2,5
824173,9,1,3
824336,9,15,3
824417,10,4,3
824498,9,0,3
824659,9,1,17
824904,9,5,3
824982,9,5,12
825062,11,4,7
822716,9,1,7
822882,9,0,3
823118,9,11,0
823526,9,4,11
823932,9,3,0
824012,9,1,8
824092,9,1,6
824171,9,10,8
824334,9,4,6
824415,9,1,3
824499,9,5,8
824658,9,0,3
824903,9,14,3
824983,9,2,7
825063,9,4,3
822715,9,5,11
822879,9,3,6
823117,9,4,0
823525,9,1,6
823931,9,2,5
824010,9,5,7
824091,9,5,2
824172,9,2,0
824333,9,7,6
824413,9,6,7
824497,9,3,2
824656,9,6,4
824902,9,9,10
824980,9,8,9
825061,9,2,3
822712,9,12,11
822958,9,1,5
823036,9,3,4
823205,9,10,1
823282,9,0,8
823930,11,8,7
824089,9,15,1
824900,10,6,7
822713,9,3,6
822881,9,8,3
822956,9,6,4
823035,9,2,10
823062,9,3,4
823203,9,3,9
823280,9,4,1
823361,9,12,4
823607,9,12,16
823687,9,3,1
823847,10,6,5
823929,9,3,4
824254,9,6,2
824495,9,1,4
824579,9,1,8
824820,9,2,5
822710,9,8,2
822880,9,1,13
822957,9,3,0
823032,9,5,1
823202,9,0,10
823279,9,10,4
823360,9,0,3
823605,9,6,2
823684,9,6,5
823848,9,2,0
823928,9,4,3
824253,9,6,1
824496,9,11,5
824578,9,0,5
824815,9,7,9
822877,9,7,6
822954,9,4,12
823034,9,4,8
823201,9,8,2
823277,9,1,3
823359,9,5,10
823606,9,7,3
823683,9,2,5
823846,9,8,4
824251,9,4,1
824494,9,0,1
824577,9,1,2
824816,9,3,2
822709,9,3,5
822878,9,7,3
822955,9,7,2
823033,9,2,1
823200,9,3,4
823278,9,3,5
823604,9,2,6
823685,9,3,4
823845,9,2,3
823927,9,3,9
824252,9,10,2
824493,9,4,0
824575,9,14,1
824817,9,5,3
822711,9,2,4
822875,9,3,9
822953,9,6,1
823030,9,4,1
823198,9,4,2
823276,9,8,7
823356,9,3,2
823357,9,7,6
823603,9,0,4
823682,9,5,3
823844,9,1,4
823926,9,2,9
824249,9,2,4
824492,9,3,5
824576,9,1,0
824813,9,6,1
822708,9,3,5
822876,9,6,5
822951,9,2,8
823029,9,3,4
823199,9,3,1
823274,9,5,4
823358,9,14,5
823602,10,2,3
823681,9,4,2
823842,9,2,5
823925,9,3,5
824250,9,0,5
824491,9,4,8
824574,9,9,1
824814,9,8,2
823440,9,1,4
822789,9,4,12
823115,9,0,7
823524,9,1,2
823766,10,2,1
824009,9,1,2
824090,10,7,6
824170,9,2,3
824332,9,2,7
824655,9,2,5
824737,9,5,3
824766,9,10,0
824901,9,15,1
824981,9,4,23
825060,9,4,5
822790,9,1,0
823116,10,4,3
823441,9,6,1
823763,9,8,6
824008,9,0,7
824088,9,6,1
824169,11,2,4
824331,9,10,3
824412,9,5,3
824414,9,1,7
824657,9,6,2
824738,9,7,6
824899,9,6,7
824979,9,15,1
825059,9,5,3
822786,9,0,3
823113,9,6,3
823439,9,1,6
823521,9,2,1
823523,9,2,8
823764,9,3,1
824007,9,3,2
824086,9,2,19
824168,9,2,5
824330,9,6,9
824411,9,1,7
824653,9,10,1
824739,9,6,1
824897,9,8,5
824978,9,2,5
825057,10,8,7
822788,9,1,7
822874,9,3,10
823112,9,8,0
823436,9,10,7
823522,9,8,5
823762,9,8,3
824006,9,3,2
824087,9,4,3
824167,9,8,5
824328,9,3,7
824410,9,13,4
824654,10,6,8
824736,9,6,5
824898,9,3,2
825058,9,2,5
822787,9,2,12
822871,9,10,0
823114,9,2,4
823437,9,1,2
823760,9,0,4
824005,9,5,1
824085,9,3,2
824165,9,5,3
824329,9,8,7
824409,9,5,2
824652,9,11,2
824895,9,3,8
825056,10,6,5
822784,9,2,4
822873,9,2,4
823110,9,3,5
823438,9,5,9
823518,10,3,5
823519,9,2,0
823761,9,4,3
824004,9,0,1
824083,9,5,4
824166,9,5,2
824327,9,0,8
824408,9,6,10
824650,9,1,5
824732,9,1,5
824735,9,6,3
824896,9,7,6
825055,9,15,5
822785,9,3,1
823042,9,6,10
824247,9,4,3
824406,12,1,3
824893,9,6,5
822707,9,2,3
822872,9,5,4
822952,9,11,3
823031,9,2,4
823196,10,7,6
823352,10,2,3
823434,9,0,1
823601,9,2,4
823680,9,0,2
823759,9,2,5
823843,9,2,4
824248,9,2,1
824573,9,5,9
824733,9,6,4
824812,10,6,7
822704,9,5,3
822869,9,7,1
822948,9,3,0
823027,9,7,0
823197,9,9,2
823355,9,0,11
823435,9,1,3
823600,9,3,4
823679,9,2,0
823758,9,8,5
823841,9,2,7
824244,9,2,3
824571,9,1,4
824734,9,0,6
824811,9,3,2
822706,9,10,7
822870,9,4,6
822950,9,1,0
823028,10,3,5
823194,9,3,4
823354,9,8,7
823433,9,11,4
823599,9,8,3
823678,9,11,8
823755,9,11,2
823840,9,3,5
824246,9,4,5
824572,9,12,3
824730,9,6,1
824810,11,2,3
822705,9,2,3
822868,9,7,3
823025,9,3,7
823195,9,3,0
823353,10,3,2
823597,9,14,3
823839,9,8,7
824001,9,4,6
824245,9,5,8
824570,9,5,9
824977,9,2,4
822703,9,8,6
822949,9,1,4
823026,9,2,10
823193,9,2,8
823275,9,8,7
823350,12,7,8
823676,9,3,2
823838,9,1,0
823923,9,6,7
824003,9,2,3
824243,9,14,0
824489,9,2,0
824490,9,5,6
824569,9,2,3
824976,9,4,3
822702,9,2,5
822947,9,3,0
823022,10,3,2
823192,9,16,3
823273,9,3,1
823351,9,0,3
823596,9,3,2
823598,9,0,1
823677,9,0,4
823837,9,8,6
823924,9,4,2
824002,9,4,7
824242,12,9,10
824487,9,1,6
824567,12,6,5
824973,10,2,4
822946,9,3,2
823023,10,2,4
823271,9,1,4
823595,9,4,2
823674,9,4,3
823921,9,6,2
824488,9,3,2
824568,11,2,1
824894,9,5,4
824974,9,4,5
822782,9,3,1
822945,9,1,6
823111,9,3,5
823272,9,7,0
823593,9,2,5
823922,9,4,9
823999,9,2,6
824164,9,11,2
824325,9,3,1
824407,9,1,4
824486,9,8,7
824651,9,0,2
824809,9,6,4
824892,9,6,2
824975,9,1,13
822781,9,5,1
822944,9,1,0
823109,9,4,3
823269,9,6,5
823594,9,2,6
823920,9,2,3
824000,9,1,3
824162,9,5,4
824326,9,12,6
824405,9,8,12
824485,9,1,4
824649,9,5,2
824808,9,0,5
824890,9,8,3
824972,9,6,8
822783,9,1,5
822943,9,1,9
823107,9,7,6
823270,9,5,4
823592,9,0,2
823919,9,4,8
823996,9,3,0
824163,9,7,3
824323,9,8,1
824404,9,5,0
824483,9,10,2
824648,9,1,2
824807,6,0,8
824891,9,4,2
824971,9,0,11
822867,9,1,5
823431,9,6,3
823520,9,7,13
823757,9,3,4
824160,9,1,3
824324,9,9,13
824647,9,10,5
825095,9,5,1
822865,9,5,4
823108,9,0,8
823432,9,5,0
823517,9,2,0
823756,9,4,2
824084,9,8,2
824161,9,7,2
824321,11,7,9
824403,9,2,6
824484,9,5,4
824645,9,5,1
824731,9,14,2
824805,9,3,1
824888,9,4,2
825054,9,4,9
822866,9,6,0
823106,9,4,2
823429,11,4,10
823516,9,1,3
823753,9,4,2
824082,9,2,1
824158,10,4,5
824322,9,0,4
824402,10,5,6
824482,9,3,2
824646,9,7,6
824728,9,4,0
824806,9,5,2
824889,9,4,1
825052,9,10,4
823105,9,0,11
823430,9,7,3
823754,9,5,2
824080,9,3,4
824401,9,6,13
824481,9,6,5
824664,11,3,2
824729,13,12,11
824804,9,1,4
824885,9,11,3
825053,9,1,5
822699,9,5,3
822863,9,2,1
823024,9,3,2
823103,9,1,2
823191,9,5,2
823266,9,3,6
823349,9,4,6
823428,9,4,5
823515,10,3,2
823750,9,6,8
823836,9,3,4
824081,9,4,6
824566,9,2,8
824727,9,13,1
825051,9,4,3
822701,9,8,2
822864,9,5,1
823021,9,6,8
823102,9,2,3
823188,9,0,8
823267,9,3,2
823348,9,9,0
823426,11,5,7
823514,9,5,4
823752,9,4,3
823834,9,7,0
824079,9,6,3
824565,9,6,3
824726,9,3,7
825049,10,1,2
822700,9,7,1
822862,9,5,10
823020,9,7,4
823104,9,1,4
823190,10,1,3
823268,9,7,2
823345,9,1,11
823425,12,7,6
823513,10,1,2
823751,10,4,3
823835,9,12,3
824078,9,2,10
824564,9,5,3
824724,9,3,4
825050,9,4,2
822780,9,2,1
823018,9,5,6
823189,10,3,6
823265,9,3,2
823675,9,9,5
823918,9,6,5
823998,10,1,4
824887,9,5,8
824969,9,6,10
825048,9,9,0
822697,9,6,8
822778,9,5,3
823019,9,2,0
823186,9,4,1
823264,9,11,2
823512,9,4,1
823673,9,2,5
823832,9,2,0
823917,10,5,4
823997,9,3,2
824240,9,6,4
824563,10,4,5
824886,9,4,0
824970,9,4,12
825046,9,2,3
822698,9,6,12
822779,9,6,4
823017,9,7,1
823187,9,1,2
823263,11,4,3
823511,9,10,5
823672,9,7,5
823833,9,8,2
823916,9,4,2
823994,9,5,2
824241,9,4,6
824562,9,5,0
824883,9,6,3
824967,9,4,8
825047,9,4,6
822696,9,7,0
822776,9,0,7
823508,9,0,1
823669,9,1,7
823829,9,1,13
823915,9,4,5
823995,9,7,0
824238,9,3,0
824561,9,8,9
822777,9,3,1
822942,9,5,6
823185,9,2,5
823346,9,8,4
823591,9,4,1
823913,9,3,1
823993,9,6,7
824159,10,10,7
824237,9,5,9
824399,9,5,7
824479,9,1,0
824643,9,3,0
824882,9,0,2
824968,9,8,3
822775,9,4,1
822941,10,3,4
823184,9,7,1
823347,9,0,4
823588,9,5,4
823671,9,1,9
823914,9,1,4
823990,9,1,0
824157,9,5,10
824239,9,3,4
824400,9,6,1
824480,9,4,8
824644,9,4,8
824884,9,3,10
824966,9,3,5
822774,10,3,4
822940,9,2,10
823182,9,7,13
823344,9,8,3
823590,9,4,3
823670,9,5,7
823912,9,2,6
823991,9,0,3
824156,9,2,3
824236,9,5,7
824397,9,0,5
824477,9,1,7
824642,9,4,11
824880,9,5,3
824965,9,5,2
822939,9,7,6
823343,9,5,8
823427,9,6,5
823589,9,2,1
823668,9,4,2
824077,9,9,5
824320,9,5,11
824478,10,6,5
824514,9,1,2
824641,10,7,5
824725,9,11,1
822859,9,5,0
822938,9,5,10
823341,9,4,1
823423,9,6,4
823586,9,2,5
823667,9,4,1
823749,9,22,0
824075,9,4,3
824154,9,1,3
824319,9,6,7
824398,9,8,1
824475,9,0,3
824639,9,4,3
824723,9,9,4
824803,9,1,3
822860,9,0,6
822937,9,7,6
823342,9,4,3
823424,9,4,1
823587,9,4,2
823664,9,6,4
823748,9,5,7
824076,9,9,7
824155,9,3,2
824318,10,4,6
824394,9,0,1
824476,9,5,4
824640,9,0,3
824722,10,6,7
824801,9,3,5
822861,9,2,0
822934,9,1,5
823747,9,7,4
824074,9,6,2
824153,9,3,18
824395,9,5,2
824474,9,9,10
824589,9,0,2
824802,9,1,6
822857,10,2,1
823101,10,6,5
823262,9,6,2
823420,10,7,6
823510,9,3,1
823746,9,2,1
823830,9,3,2
823911,10,5,4
824072,9,5,2
824152,9,4,0
824317,9,1,9
824559,9,6,4
824721,9,6,4
824800,9,5,3
825045,9,9,0
822858,9,0,3
823100,9,5,4
823261,9,7,5
823422,9,12,3
823509,9,3,4
823743,9,4,1
823831,9,4,2
823910,9,4,3
824073,9,3,1
824151,9,3,4
824316,9,3,4
824560,9,5,10
824718,9,3,2
824798,10,3,2
825044,9,5,11
822856,9,5,3
823099,9,2,19
823258,9,8,1
823421,9,6,4
823507,9,8,3
823745,9,2,4
823827,9,6,2
823909,9,4,0
824071,9,11,7
824150,9,6,7
824315,9,2,7
824558,9,2,1
824720,9,5,4
824799,9,1,3
825043,9,5,3
822695,9,13,3
823097,9,9,2
823183,9,5,0
823260,12,2,3
823828,9,2,4
823992,9,2,4
824235,9,1,4
824557,9,2,11
824964,9,6,9
825041,9,0,7
822693,9,1,3
822773,9,3,5
823016,9,1,13
823098,9,4,1
823181,9,3,1
823259,9,0,1
823505,9,7,9
823585,10,3,2
823826,11,3,7
823989,10,6,8
824233,9,4,1
824556,9,11,7
824881,9,4,3
824962,9,4,2
825042,9,5,4
822692,9,1,13
822772,9,3,0
823015,9,7,8
823096,9,0,6
823180,9,9,10
823255,9,3,0
823506,9,9,3
823584,9,1,8
823825,9,4,0
823988,9,3,4
824234,9,0,3
824555,9,10,4
824878,9,6,5
824963,9,7,4
825039,9,2,0
