hp_umpire_id,hp_umpire_name,season,games_worked,mean_runs_game,trailing_runs_game,called_pitch_n,called_strike_rate
427013,Lance Barksdale,2024,35,9.03125,8.84,,
427044,CB Bucknor,2024,34,8.827586206896552,8.12,,
427053,Mark Carlson,2024,34,7.806451612903226,7.28,,
427093,Phil Cuzzi,2024,34,8.451612903225806,8.4,,
427113,Laz Diaz,2024,35,9.633333333333333,9.72,,
427128,Rob Drake,2024,34,7.172413793103448,6.92,,
427129,Bruce Dreckman,2024,30,11.407407407407407,11.16,,
427139,Doug Eddings,2024,39,7.6571428571428575,7.8,,
427164,Andy Fletcher,2024,37,11.558823529411764,11.0,,
427197,Chris Guccione,2024,24,9.736842105263158,9.736842105263158,,
427220,Angel Hernandez,2024,11,10.0,10.0,,
427243,Marvin Hudson,2024,35,9.933333333333334,10.08,,
427248,Dan Iassogna,2024,36,8.709677419354838,8.52,,
427286,Brian Knight,2024,19,8.375,8.375,,
427299,Jerry Layne,2024,1,,,,
427315,Alfonso Márquez,2024,36,9.129032258064516,9.8,,
427344,Bill Miller,2024,38,8.030303030303031,8.52,,
427366,Brian O'Nora,2024,30,8.846153846153847,9.16,,
427413,Tony Randazzo,2024,34,7.806451612903226,7.16,,
427520,Larry Vanover,2024,31,8.607142857142858,8.6,,
427533,Mark Wegner,2024,28,10.291666666666666,10.291666666666666,,
427537,Hunter Wendelstedt,2024,34,8.064516129032258,8.24,,
427554,Jim Wolf,2024,27,7.166666666666667,7.166666666666667,,
428442,James Hoye,2024,34,8.566666666666666,8.72,,
429805,Todd Tichenor,2024,33,8.64516129032258,8.4,,
431232,Chad Fairchild,2024,33,8.933333333333334,9.36,,
482608,Scott Barry,2024,26,10.478260869565217,10.478260869565217,,
482620,Chris Conroy,2024,23,6.3478260869565215,6.3478260869565215,,
482631,Mike Estabrook,2024,36,7.129032258064516,7.28,,
482641,Adrian Johnson,2024,32,10.206896551724139,10.12,,
482663,David Rackley,2024,36,8.121212121212121,7.88,,
482666,D.J. Reyburn,2024,33,8.0,8.16,,
483561,Lance Barrett,2024,37,9.4375,9.6,,
483564,Dan Bellino,2024,36,9.666666666666666,9.56,,
483569,Vic Carapazza,2024,39,8.735294117647058,8.44,,
483630,John Tumpane,2024,32,9.517241379310345,9.72,,
483912,Mike Muchlinski,2024,35,10.066666666666666,9.56,,
483919,Mark Ripperger,2024,36,9.848484848484848,9.72,,
484183,Cory Blaser,2024,33,7.620689655172414,7.88,,
484198,Alan Porter,2024,35,8.2,7.76,,
484499,Manny Gonzalez,2024,34,7.9655172413793105,7.76,,
485856,Jonathan Parra,2024,27,7.947368421052632,7.947368421052632,,
486200,David Arrieta,2024,16,5.333333333333333,5.333333333333333,,
489985,Chad Whitson,2024,32,8.827586206896552,9.04,,
490319,Jordan Baker,2024,33,9.096774193548388,9.12,,
503077,Adam Hamari,2024,36,9.0,8.8,,
503490,Chris Segal,2024,37,9.181818181818182,9.56,,
503493,Sean Barber,2024,33,9.321428571428571,9.68,,
503502,Ryan Blakney,2024,34,8.068965517241379,7.8,,
503586,Tripp Gibson,2024,32,8.931034482758621,9.08,,
504381,Will Little,2024,21,7.666666666666667,7.666666666666667,,
511890,Quinn Wolcott,2024,30,8.74074074074074,8.56,,
521051,Nick Mahrley,2024,28,9.541666666666666,9.541666666666666,,
521251,Ben May,2024,33,8.517241379310345,8.76,,
521889,Stu Scheurwater,2024,34,8.903225806451612,9.12,,
544728,Nic Lentz,2024,34,8.758620689655173,8.88,,
545402,John Bacon,2024,30,7.086956521739131,7.086956521739131,,
547380,Carlos Torres,2024,35,9.0,9.0,,
554242,Edwin Moscoso,2024,36,9.3125,9.48,,
573596,Pat Hoberg,2024,1,,,,
573597,Gabe Morales,2024,35,8.375,8.96,,
573769,Jeremy Riggs,2024,22,9.058823529411764,9.058823529411764,,
575629,Shane Livensparger,2024,9,8.555555555555555,8.555555555555555,,
577468,Roberto Ortiz,2024,35,8.379310344827585,8.6,,
594151,Ramon De Jesus,2024,37,8.25,8.56,,
596740,Jansen Visconti,2024,35,9.225806451612904,9.72,,
596805,John Libka,2024,36,8.64516129032258,9.16,,
596809,Ryan Additon,2024,35,8.483870967741936,8.24,,
598411,Nestor Ceja,2024,34,8.655172413793103,8.52,,
605670,Dan Merzel,2024,38,8.741935483870968,9.08,,
605671,Charlie Ramos,2024,42,9.457142857142857,10.12,,
605672,Jeremie Rehak,2024,34,8.733333333333333,9.04,,
605673,Alex Tosi,2024,36,7.806451612903226,7.96,,
605674,Ryan Wills,2024,35,9.6,10.12,,
607884,Paul Clemons,2024,37,8.64516129032258,8.0,,
608093,Junior Valentine,2024,34,8.689655172413794,8.76,,
608158,Nate Tomlinson,2024,33,8.5,8.72,,
621660,Emil Jimenez,2024,40,9.0,9.16,,
623938,Erich Bacchus,2024,32,8.88888888888889,8.88,,
623945,Alex MacKay,2024,35,7.827586206896552,7.68,,
623946,Malachi Moore,2024,34,9.172413793103448,8.92,,
623949,Clint Vondrak,2024,35,10.133333333333333,10.6,,
623995,Raul Moreno,2024,1,,,,
639723,Brennan Miller,2024,35,6.666666666666667,6.6,,
644760,Adam Beck,2024,35,9.466666666666667,9.48,,
658077,Anthony Perez,2024,1,,,,
658082,Jacob Metz,2024,18,7.7272727272727275,7.7272727272727275,,
658141,Aaron Higgins,2024,1,,,,
658268,Chris Marco,2024,6,,,,
658287,Luis Hernandez,2024,1,,,,
658292,Derek Thomas,2024,37,9.892857142857142,9.68,,
658325,Tyler Jones,2024,8,,,,
658536,Austin Jones,2024,16,7.142857142857143,7.142857142857143,,
664263,Edwin Jimenez,2024,28,8.772727272727273,8.772727272727273,,
665277,Sam Burch,2024,1,,,,
665278,Ben Phillips,2024,1,,,,
665280,Darius Ghani,2024,1,,,,
665281,Brian Walsh,2024,40,9.121212121212121,9.08,,
665293,Reed Basner,2024,2,,,,
665294,Mark Bass,2024,1,,,,
665297,Tom Hanahan,2024,34,9.392857142857142,9.56,,
665298,Dexter Kelley,2024,6,,,,
665299,Louie Krupa,2024,1,,,,
665576,Brock Ballou,2024,18,7.818181818181818,7.818181818181818,,
668921,Jen Pawol,2024,7,,,,
668924,Kelvis Velez,2024,1,,,,
670636,Tanner Dobson,2024,1,,,,
670688,Mark Stewart Jr.,2024,1,,,,
670695,Matt Brown,2024,7,,,,
676580,Steven Jaschinski,2024,7,,,,
676581,James Jean,2024,13,11.0,11.0,,
677389,Ty Krauss,2024,1,,,,
681783,Casey James,2024,1,,,,
681849,Felix Neon,2024,1,,,,
691042,Willie Traynor,2024,1,,,,
700499,Macon Hammond,2024,2,,,,
823600,Minho Lee,2024,1,,,,
427013,Lance Barksdale,2025,38,8.93939393939394,9.2,,
427044,CB Bucknor,2025,33,8.464285714285714,8.52,,
427053,Mark Carlson,2025,8,8.6,8.6,,
427093,Phil Cuzzi,2025,34,7.032258064516129,6.84,,
427113,Laz Diaz,2025,35,9.129032258064516,8.92,,
427128,Rob Drake,2025,7,9.0,9.0,,
427129,Bruce Dreckman,2025,26,8.458333333333334,8.458333333333334,,
427139,Doug Eddings,2025,36,9.970588235294118,10.76,,
427164,Andy Fletcher,2025,32,10.517241379310345,10.24,,
427197,Chris Guccione,2025,37,9.387096774193548,8.68,,
427243,Marvin Hudson,2025,32,8.0,8.12,,
427248,Dan Iassogna,2025,35,8.413793103448276,8.04,,
427292,Ron Kulpa,2025,27,7.782608695652174,7.782608695652174,,
427315,Alfonso Márquez,2025,37,9.875,10.48,,
427344,Bill Miller,2025,35,9.5,9.92,,
427366,Brian O'Nora,2025,34,9.03448275862069,9.72,,
427413,Tony Randazzo,2025,30,8.37037037037037,8.32,,
427533,Mark Wegner,2025,35,9.67741935483871,10.16,,
427537,Hunter Wendelstedt,2025,6,8.0,8.0,,
427554,Jim Wolf,2025,35,9.466666666666667,9.72,,
428442,James Hoye,2025,33,8.774193548387096,9.12,,
429805,Todd Tichenor,2025,33,8.133333333333333,8.44,,
431232,Chad Fairchild,2025,29,9.346153846153847,9.44,,
482608,Scott Barry,2025,32,8.96551724137931,9.76,,
482620,Chris Conroy,2025,34,9.903225806451612,9.6,,
482631,Mike Estabrook,2025,36,8.225806451612904,7.96,,
482641,Adrian Johnson,2025,37,8.911764705882353,8.48,,
482663,David Rackley,2025,34,9.612903225806452,10.44,,
482666,D.J. Reyburn,2025,35,8.59375,9.16,,
483561,Lance Barrett,2025,37,9.0625,8.56,,
483564,Dan Bellino,2025,32,9.862068965517242,9.36,,
483569,Vic Carapazza,2025,36,9.303030303030303,9.6,,
483630,John Tumpane,2025,33,8.166666666666666,8.52,,
483912,Mike Muchlinski,2025,35,9.233333333333333,8.96,,
483919,Mark Ripperger,2025,35,8.0,8.32,,
484183,Cory Blaser,2025,33,7.5,8.04,,
484198,Alan Porter,2025,36,9.727272727272727,8.64,,
484499,Manny Gonzalez,2025,29,9.333333333333334,9.333333333333334,,
485856,Jonathan Parra,2025,14,8.75,8.75,,
486200,David Arrieta,2025,9,9.5,9.5,,
489985,Chad Whitson,2025,20,9.15,9.15,,
490319,Jordan Baker,2025,35,9.34375,9.56,,
503077,Adam Hamari,2025,36,8.181818181818182,7.88,,
503490,Chris Segal,2025,34,8.310344827586206,8.24,,
503493,Sean Barber,2025,35,9.3,8.8,,
503502,Ryan Blakney,2025,34,8.03448275862069,7.64,,
503586,Tripp Gibson,2025,30,9.88888888888889,9.28,,
504381,Will Little,2025,37,8.21875,8.0,,
506460,Tetsuo Yamaji,2025,1,,,,
511890,Quinn Wolcott,2025,36,8.636363636363637,8.48,,
521051,Nick Mahrley,2025,37,8.09375,8.44,,
521251,Ben May,2025,36,9.96774193548387,10.4,,
521889,Stu Scheurwater,2025,33,8.966666666666667,9.28,,
544728,Nic Lentz,2025,37,8.09375,9.08,,
545402,John Bacon,2025,38,8.59375,9.12,,
547380,Carlos Torres,2025,35,8.866666666666667,9.16,,
554242,Edwin Moscoso,2025,37,8.875,8.8,,
573597,Gabe Morales,2025,36,8.242424242424242,7.52,,
573769,Jeremy Riggs,2025,6,,,,
575629,Shane Livensparger,2025,35,8.966666666666667,9.4,,
577468,Roberto Ortiz,2025,34,8.586206896551724,8.84,,
594151,Ramon De Jesus,2025,36,9.387096774193548,9.96,,
596740,Jansen Visconti,2025,35,8.96774193548387,8.88,,
596805,John Libka,2025,35,7.9375,8.04,,
596809,Ryan Additon,2025,32,9.448275862068966,9.28,,
598411,Nestor Ceja,2025,35,8.7,9.04,,
605670,Dan Merzel,2025,32,8.214285714285714,8.36,,
605671,Charlie Ramos,2025,33,8.035714285714286,8.24,,
605672,Jeremie Rehak,2025,33,8.928571428571429,8.88,,
605673,Alex Tosi,2025,36,9.258064516129032,9.24,,
605674,Ryan Wills,2025,34,9.448275862068966,9.72,,
607884,Paul Clemons,2025,34,8.344827586206897,8.92,,
608093,Junior Valentine,2025,28,9.782608695652174,9.782608695652174,,
608158,Nate Tomlinson,2025,32,8.678571428571429,8.56,,
621660,Emil Jimenez,2025,34,8.172413793103448,8.36,,
623938,Erich Bacchus,2025,35,9.5,10.12,,
623945,Alex MacKay,2025,33,8.178571428571429,7.92,,
623946,Malachi Moore,2025,35,9.8,9.4,,
623949,Clint Vondrak,2025,35,10.766666666666667,10.6,,
639723,Brennan Miller,2025,36,7.935483870967742,7.68,,
644760,Adam Beck,2025,38,7.848484848484849,8.16,,
655461,Ray Valero,2025,2,,,,
658082,Jacob Metz,2025,25,7.578947368421052,7.578947368421052,,
658292,Derek Thomas,2025,32,8.44,8.44,,
658325,Tyler Jones,2025,11,10.0,10.0,,
658536,Austin Jones,2025,36,7.689655172413793,7.92,,
664263,Edwin Jimenez,2025,33,8.23076923076923,8.28,,
665278,Ben Phillips,2025,2,,,,
665280,Darius Ghani,2025,7,,,,
665281,Brian Walsh,2025,38,9.59375,10.08,,
665297,Tom Hanahan,2025,36,9.678571428571429,9.48,,
665298,Dexter Kelley,2025,10,8.5,8.5,,
665299,Louie Krupa,2025,7,,,,
665576,Brock Ballou,2025,31,9.916666666666666,9.916666666666666,,
668921,Jen Pawol,2025,13,11.333333333333334,11.333333333333334,,
668924,Kelvis Velez,2025,1,,,,
670565,Trevor Dannegger,2025,1,,,,
670567,Steven Hodgins,2025,3,,,,
670631,Tanner Moore,2025,1,,,,
670688,Mark Stewart Jr.,2025,2,,,,
676578,Thomas Fornarola,2025,1,,,,
676580,Steven Jaschinski,2025,11,9.25,9.25,,
676581,James Jean,2025,31,9.695652173913043,9.695652173913043,,
676582,Evin Johnson,2025,1,,,,
676583,Thomas O'Neil,2025,2,,,,
677388,Pete Talkington,2025,1,,,,
677389,Ty Krauss,2025,2,,,,
681783,Casey James,2025,2,,,,
681791,Bryan Van Vranken,2025,1,,,,
681849,Felix Neon,2025,2,,,,
682874,Trevor Mathews,2025,3,,,,
690896,Sean Sparling,2025,2,,,,
691042,Willie Traynor,2025,22,8.866666666666667,8.866666666666667,,
691047,Kellen Martin,2025,2,,,,
700499,Macon Hammond,2025,6,,,,
703141,Charlie Welling,2025,1,,,,
427013,Lance Barksdale,2026,27,7.833333333333333,7.833333333333333,,
427044,CB Bucknor,2026,7,10.5,10.5,,
427113,Laz Diaz,2026,30,7.8076923076923075,8.0,,
427128,Rob Drake,2026,30,8.32,8.32,,
427129,Bruce Dreckman,2026,28,8.64,8.64,,
427139,Doug Eddings,2026,28,9.08,9.08,,
427164,Andy Fletcher,2026,22,11.052631578947368,11.052631578947368,,
427197,Chris Guccione,2026,30,9.166666666666666,9.166666666666666,,
427243,Marvin Hudson,2026,25,5.95,5.95,,
427248,Dan Iassogna,2026,28,10.423076923076923,10.72,,
427292,Ron Kulpa,2026,23,9.666666666666666,9.666666666666666,,
427315,Alfonso Márquez,2026,30,10.24,10.24,,
427344,Bill Miller,2026,30,9.384615384615385,9.48,,
427366,Brian O'Nora,2026,20,8.933333333333334,8.933333333333334,,
427533,Mark Wegner,2026,29,9.653846153846153,9.4,,
427537,Hunter Wendelstedt,2026,30,9.0,9.24,,
427554,Jim Wolf,2026,27,9.08695652173913,9.08695652173913,,
428442,James Hoye,2026,27,9.791666666666666,9.791666666666666,,
429805,Todd Tichenor,2026,27,8.24,8.24,,
431232,Chad Fairchild,2026,28,9.24,9.24,,
482608,Scott Barry,2026,26,8.695652173913043,8.695652173913043,,
482620,Chris Conroy,2026,26,9.130434782608695,9.130434782608695,,
482631,Mike Estabrook,2026,31,8.576923076923077,8.8,,
482641,Adrian Johnson,2026,21,11.157894736842104,11.157894736842104,,
482663,David Rackley,2026,23,9.090909090909092,9.090909090909092,,
482666,D.J. Reyburn,2026,26,8.652173913043478,8.652173913043478,,
483561,Lance Barrett,2026,30,9.518518518518519,9.68,,
483564,Dan Bellino,2026,29,8.346153846153847,8.52,,
483569,Vic Carapazza,2026,30,9.785714285714286,9.88,,
483630,John Tumpane,2026,28,7.76,7.76,,
483912,Mike Muchlinski,2026,31,9.0,9.04,,
483919,Mark Ripperger,2026,29,8.884615384615385,8.96,,
484183,Cory Blaser,2026,26,8.08695652173913,8.08695652173913,,
484198,Alan Porter,2026,30,9.708333333333334,9.708333333333334,,
484499,Manny Gonzalez,2026,27,8.25,8.25,,
485856,Jonathan Parra,2026,20,9.071428571428571,9.071428571428571,,
489985,Chad Whitson,2026,28,8.08695652173913,8.08695652173913,,
490319,Jordan Baker,2026,25,7.75,7.75,,
503077,Adam Hamari,2026,31,9.535714285714286,9.64,,
503490,Chris Segal,2026,27,8.458333333333334,8.458333333333334,,
503493,Sean Barber,2026,26,9.91304347826087,9.91304347826087,,
503502,Ryan Blakney,2026,25,8.6,8.6,,
503586,Tripp Gibson,2026,27,8.6,8.6,,
504381,Will Little,2026,30,9.038461538461538,9.16,,
511890,Quinn Wolcott,2026,29,8.185185185185185,8.4,,
521051,Nick Mahrley,2026,27,9.318181818181818,9.318181818181818,,
521251,Ben May,2026,28,10.826086956521738,10.826086956521738,,
521889,Stu Scheurwater,2026,28,7.92,7.92,,
544728,Nic Lentz,2026,32,7.962962962962963,7.6,,
545402,John Bacon,2026,21,10.285714285714286,10.285714285714286,,
547380,Carlos Torres,2026,27,7.956521739130435,7.956521739130435,,
554242,Edwin Moscoso,2026,30,7.16,7.16,,
573597,Gabe Morales,2026,27,7.416666666666667,7.416666666666667,,
575629,Shane Livensparger,2026,26,8.478260869565217,8.478260869565217,,
577468,Roberto Ortiz,2026,26,8.608695652173912,8.608695652173912,,
594151,Ramon De Jesus,2026,26,8.409090909090908,8.409090909090908,,
596740,Jansen Visconti,2026,28,8.565217391304348,8.565217391304348,,
596805,John Libka,2026,27,7.739130434782608,7.739130434782608,,
596809,Ryan Additon,2026,26,9.32,9.32,,
598411,Nestor Ceja,2026,31,8.25925925925926,7.84,,
605670,Dan Merzel,2026,28,9.916666666666666,9.916666666666666,,
605671,Charlie Ramos,2026,24,7.578947368421052,7.578947368421052,,
605672,Jeremie Rehak,2026,22,10.31578947368421,10.31578947368421,,
605673,Alex Tosi,2026,29,8.73076923076923,8.92,,
605674,Ryan Wills,2026,30,7.6,7.6,,
607884,Paul Clemons,2026,29,7.96,7.96,,
608093,Junior Valentine,2026,23,8.428571428571429,8.428571428571429,,
608158,Nate Tomlinson,2026,31,9.192307692307692,9.2,,
621660,Emil Jimenez,2026,28,11.73913043478261,11.73913043478261,,
623938,Erich Bacchus,2026,28,10.12,10.12,,
623945,Alex MacKay,2026,26,9.26086956521739,9.26086956521739,,
623946,Malachi Moore,2026,32,10.222222222222221,10.16,,
623949,Clint Vondrak,2026,28,8.833333333333334,8.833333333333334,,
639723,Brennan Miller,2026,28,9.04,9.04,,
644760,Adam Beck,2026,30,9.04,9.04,,
658082,Jacob Metz,2026,25,7.647058823529412,7.647058823529412,,
658292,Derek Thomas,2026,24,10.235294117647058,10.235294117647058,,
658325,Tyler Jones,2026,26,7.7368421052631575,7.7368421052631575,,
658536,Austin Jones,2026,21,9.058823529411764,9.058823529411764,,
664263,Edwin Jimenez,2026,18,9.727272727272727,9.727272727272727,,
665278,Ben Phillips,2026,1,,,,
665280,Darius Ghani,2026,7,,,,
665281,Brian Walsh,2026,29,9.791666666666666,9.791666666666666,,
665297,Tom Hanahan,2026,30,8.96,8.96,,
665298,Dexter Kelley,2026,25,8.68421052631579,8.68421052631579,,
665299,Louie Krupa,2026,20,10.714285714285714,10.714285714285714,,
665302,Dillon Wilson,2026,16,7.5,7.5,,
665576,Brock Ballou,2026,23,7.333333333333333,7.333333333333333,,
668921,Jen Pawol,2026,19,9.666666666666666,9.666666666666666,,
670565,Trevor Dannegger,2026,7,,,,
670567,Steven Hodgins,2026,6,,,,
676578,Thomas Fornarola,2026,7,,,,
676580,Steven Jaschinski,2026,21,8.571428571428571,8.571428571428571,,
676581,James Jean,2026,30,9.545454545454545,9.545454545454545,,
676582,Evin Johnson,2026,5,,,,
676583,Thomas O'Neil,2026,1,,,,
677388,Pete Talkington,2026,8,,,,
677389,Ty Krauss,2026,1,,,,
681783,Casey James,2026,1,,,,
681791,Bryan Van Vranken,2026,7,,,,
681849,Felix Neon,2026,14,9.571428571428571,9.571428571428571,,
682443,Steven Rios Jr.,2026,1,,,,
682954,Mitch Trzeciak,2026,10,,,,
686967,Denver Dangerfield,2026,5,,,,
688057,Matt Blackborow,2026,8,,,,
690888,Austin Snow,2026,8,,,,
690896,Sean Sparling,2026,7,,,,
691042,Willie Traynor,2026,34,10.535714285714286,10.16,,
691047,Kellen Martin,2026,2,,,,
700499,Macon Hammond,2026,6,,,,
703141,Charlie Welling,2026,7,,,,
838911,,2026,2,,,,
